panel_label,series_key,series_label,amm_enabled,metric_name,metric_label,target_mode,endpoint_name,endpoint_label,sample_filter,n_used,mean,std,median,ci_level,ci_lo,ci_hi
MM Withdrawal,with_amm,With AMM,1,price_resilience,Price Resilience,pre_shock_baseline,recovered_indicator,Recovered Indicator,all,300,0.7433333333333333,0.4375236894366786,1.0,0.95,0.6933333333333334,0.7933333333333333
MM Withdrawal,with_amm,With AMM,1,price_resilience,Price Resilience,pre_shock_baseline,time_observed_steps,Observed Time,all,300,290.66,230.90378861911773,200.5,0.95,264.5638333333333,316.71066666666667
MM Withdrawal,with_amm,With AMM,1,price_resilience,Price Resilience,pre_shock_baseline,normalized_auc_abs,Normalized AUC,all,300,0.7249589121909181,0.4548191919486392,0.6007008201775957,0.95,0.6760198978685638,0.7786525392078741
MM Withdrawal,with_amm,With AMM,1,price_resilience,Price Resilience,pre_shock_baseline,normalized_avg_impact,Normalized Average Impact,all,300,-0.012515768545167404,0.6685077804433961,-0.07967225649949985,0.95,-0.08728467721852151,0.06323256744986365
MM Withdrawal,with_amm,With AMM,1,price_resilience,Price Resilience,pre_shock_baseline,recovery_steps_recovered_only,Recovery Steps,recovered_only,223,183.847533632287,164.7990971305996,108.0,0.95,163.61423766816142,206.4065022421524
MM Withdrawal,without_amm,Without AMM,0,price_resilience,Price Resilience,pre_shock_baseline,recovered_indicator,Recovered Indicator,all,300,0.7033333333333334,0.4575515273966042,1.0,0.95,0.65,0.7566666666666667
MM Withdrawal,without_amm,Without AMM,0,price_resilience,Price Resilience,pre_shock_baseline,time_observed_steps,Observed Time,all,300,288.1333333333333,233.57635854926045,199.0,0.95,262.6125,314.17175000000003
MM Withdrawal,without_amm,Without AMM,0,price_resilience,Price Resilience,pre_shock_baseline,normalized_auc_abs,Normalized AUC,all,300,0.7295222493843834,0.4784465941914603,0.6149295845757394,0.95,0.674736794661038,0.7879060535393225
MM Withdrawal,without_amm,Without AMM,0,price_resilience,Price Resilience,pre_shock_baseline,normalized_avg_impact,Normalized Average Impact,all,300,0.021003818850245715,0.6764416658000346,0.056831758694213974,0.95,-0.051302672296167355,0.09972267880335914
MM Withdrawal,without_amm,Without AMM,0,price_resilience,Price Resilience,pre_shock_baseline,recovery_steps_recovered_only,Recovery Steps,recovered_only,211,156.58767772511848,138.1063277051432,107.0,0.95,138.54964454976306,175.9359004739336
Flash Crash,with_amm,With AMM,1,price_resilience,Price Resilience,pre_shock_baseline,recovered_indicator,Recovered Indicator,all,300,0.82,0.3848293719103959,1.0,0.95,0.7766666666666666,0.8633333333333333
Flash Crash,with_amm,With AMM,1,price_resilience,Price Resilience,pre_shock_baseline,time_observed_steps,Observed Time,all,300,212.14666666666668,212.69888231334625,105.0,0.95,187.81383333333335,236.64683333333335
Flash Crash,with_amm,With AMM,1,price_resilience,Price Resilience,pre_shock_baseline,normalized_auc_abs,Normalized AUC,all,300,0.5703103910947783,0.43003160946806346,0.4561320390930106,0.95,0.5255193576192111,0.6214453393568535
Flash Crash,with_amm,With AMM,1,price_resilience,Price Resilience,pre_shock_baseline,normalized_avg_impact,Normalized Average Impact,all,300,0.008794893307083315,0.6682483842248559,0.004264437756388059,0.95,-0.062149419843660264,0.08343079595756211
Flash Crash,with_amm,With AMM,1,price_resilience,Price Resilience,pre_shock_baseline,recovery_steps_recovered_only,Recovery Steps,recovered_only,246,127.00813008130082,121.56503229337429,76.0,0.95,111.56290650406504,141.98404471544714
Flash Crash,without_amm,Without AMM,0,price_resilience,Price Resilience,pre_shock_baseline,recovered_indicator,Recovered Indicator,all,300,0.8733333333333333,0.3331549132304482,1.0,0.95,0.8333333333333334,0.91
Flash Crash,without_amm,Without AMM,0,price_resilience,Price Resilience,pre_shock_baseline,time_observed_steps,Observed Time,all,300,179.40666666666667,195.16430250465712,85.5,0.95,157.9886666666667,200.73541666666662
Flash Crash,without_amm,Without AMM,0,price_resilience,Price Resilience,pre_shock_baseline,normalized_auc_abs,Normalized AUC,all,300,0.49248406222668206,0.3801596986635298,0.3976389528845936,0.95,0.45212503673569715,0.5390674044261605
Flash Crash,without_amm,Without AMM,0,price_resilience,Price Resilience,pre_shock_baseline,normalized_avg_impact,Normalized Average Impact,all,300,-0.08859555741716421,0.6244140111637411,-0.12421355863918504,0.95,-0.1605623533266057,-0.016948895942079174
Flash Crash,without_amm,Without AMM,0,price_resilience,Price Resilience,pre_shock_baseline,recovery_steps_recovered_only,Recovery Steps,recovered_only,262,118.40458015267176,118.92753701057461,71.5,0.95,104.35496183206106,132.29513358778624
Dealer Liquidity Crisis,with_amm,With AMM,1,price_resilience,Price Resilience,fair_value_gap,recovered_indicator,Recovered Indicator,all,300,1.0,0.0,1.0,0.95,1.0,1.0
Dealer Liquidity Crisis,with_amm,With AMM,1,price_resilience,Price Resilience,fair_value_gap,time_observed_steps,Observed Time,all,300,51.166666666666664,63.68220814589172,36.0,0.95,44.5895,59.07358333333331
Dealer Liquidity Crisis,with_amm,With AMM,1,price_resilience,Price Resilience,fair_value_gap,normalized_auc_abs,Normalized AUC,all,300,0.117788618541607,0.04209455196100482,0.11123117837179503,0.95,0.11344506456693063,0.12252364251756856
Dealer Liquidity Crisis,with_amm,With AMM,1,price_resilience,Price Resilience,fair_value_gap,normalized_avg_impact,Normalized Average Impact,all,300,0.27736498718430413,0.16709847896962804,0.27589752084916896,0.95,0.25781434890241867,0.29525486343134105
Dealer Liquidity Crisis,with_amm,With AMM,1,price_resilience,Price Resilience,fair_value_gap,recovery_steps_recovered_only,Recovery Steps,recovered_only,300,51.166666666666664,63.68220814589172,36.0,0.95,44.64591666666667,58.67033333333333
Dealer Liquidity Crisis,without_amm,Without AMM,0,price_resilience,Price Resilience,fair_value_gap,recovered_indicator,Recovered Indicator,all,300,0.9766666666666667,0.15121212222763153,1.0,0.95,0.9599166666666668,0.9933333333333333
Dealer Liquidity Crisis,without_amm,Without AMM,0,price_resilience,Price Resilience,fair_value_gap,time_observed_steps,Observed Time,all,300,77.69,107.55883775215925,44.0,0.95,65.81975,89.67699999999999
Dealer Liquidity Crisis,without_amm,Without AMM,0,price_resilience,Price Resilience,fair_value_gap,normalized_auc_abs,Normalized AUC,all,300,0.13450835648225676,0.05803488640326094,0.1195473450456618,0.95,0.12843497473922091,0.14145971055197365
Dealer Liquidity Crisis,without_amm,Without AMM,0,price_resilience,Price Resilience,fair_value_gap,normalized_avg_impact,Normalized Average Impact,all,300,0.18697026752872753,0.15658756422425524,0.20750668898025043,0.95,0.1683060811843719,0.20421841469251198
Dealer Liquidity Crisis,without_amm,Without AMM,0,price_resilience,Price Resilience,fair_value_gap,recovery_steps_recovered_only,Recovery Steps,recovered_only,293,65.21160409556315,71.76409413731614,42.0,0.95,57.47295221843003,73.75221843003412
Funding Liquidity Shock,with_amm,With AMM,1,price_resilience,Price Resilience,pre_shock_baseline,recovered_indicator,Recovered Indicator,all,300,0.8966666666666666,0.3049023456071545,1.0,0.95,0.86,0.93
Funding Liquidity Shock,with_amm,With AMM,1,price_resilience,Price Resilience,pre_shock_baseline,time_observed_steps,Observed Time,all,300,159.04666666666665,180.3702930944899,78.5,0.95,137.89291666666668,180.191
Funding Liquidity Shock,with_amm,With AMM,1,price_resilience,Price Resilience,pre_shock_baseline,normalized_auc_abs,Normalized AUC,all,300,0.49433866037890745,0.48669261316847184,0.38243550639190416,0.95,0.4460247927549462,0.5522877514846101
Funding Liquidity Shock,with_amm,With AMM,1,price_resilience,Price Resilience,pre_shock_baseline,normalized_avg_impact,Normalized Average Impact,all,300,-0.0834718066682811,0.8158054490781123,-0.21258057524211255,0.95,-0.17463790025647496,0.010667060255405786
Funding Liquidity Shock,with_amm,With AMM,1,price_resilience,Price Resilience,pre_shock_baseline,recovery_steps_recovered_only,Recovery Steps,recovered_only,269,108.23048327137546,105.89402105014504,68.0,0.95,96.65687732342008,121.76319702602231
Funding Liquidity Shock,without_amm,Without AMM,0,price_resilience,Price Resilience,pre_shock_baseline,recovered_indicator,Recovered Indicator,all,300,0.92,0.271746488194703,1.0,0.95,0.89,0.9466666666666667
Funding Liquidity Shock,without_amm,Without AMM,0,price_resilience,Price Resilience,pre_shock_baseline,time_observed_steps,Observed Time,all,300,146.56333333333333,172.6706397209081,71.0,0.95,126.72116666666666,166.27224999999999
Funding Liquidity Shock,without_amm,Without AMM,0,price_resilience,Price Resilience,pre_shock_baseline,normalized_auc_abs,Normalized AUC,all,300,0.41115833957796516,0.2764204237626457,0.33204203413400857,0.95,0.38237180581138647,0.4435795530776701
Funding Liquidity Shock,without_amm,Without AMM,0,price_resilience,Price Resilience,pre_shock_baseline,normalized_avg_impact,Normalized Average Impact,all,300,0.011916115507063452,0.7026908263643367,-0.04015972558996693,0.95,-0.07689510503812991,0.09306085411847798
Funding Liquidity Shock,without_amm,Without AMM,0,price_resilience,Price Resilience,pre_shock_baseline,recovery_steps_recovered_only,Recovery Steps,recovered_only,276,107.1340579710145,113.63619845574293,64.5,0.95,94.6259963768116,120.61702898550723
High-Vol Stress,with_amm,With AMM,1,price_resilience,Price Resilience,pre_shock_baseline,recovered_indicator,Recovered Indicator,all,300,0.97,0.17087224588772665,1.0,0.95,0.95,0.9866666666666667
High-Vol Stress,with_amm,With AMM,1,price_resilience,Price Resilience,pre_shock_baseline,time_observed_steps,Observed Time,all,300,230.26,115.14323957023747,224.0,0.95,217.30291666666668,243.51049999999998
High-Vol Stress,with_amm,With AMM,1,price_resilience,Price Resilience,pre_shock_baseline,normalized_auc_abs,Normalized AUC,all,300,0.6240042804659511,0.37715424983455603,0.518240920227101,0.95,0.583749509461228,0.6676310664246964
High-Vol Stress,with_amm,With AMM,1,price_resilience,Price Resilience,pre_shock_baseline,normalized_avg_impact,Normalized Average Impact,all,300,-0.04533969852677513,0.7214735249434414,-0.05999635315322867,0.95,-0.1256319057021148,0.033379803793565414
High-Vol Stress,with_amm,With AMM,1,price_resilience,Price Resilience,pre_shock_baseline,recovery_steps_recovered_only,Recovery Steps,recovered_only,291,218.82474226804123,96.41344272161089,223.0,0.95,207.84398625429554,229.96572164948455
High-Vol Stress,without_amm,Without AMM,0,price_resilience,Price Resilience,pre_shock_baseline,recovered_indicator,Recovered Indicator,all,300,0.99,0.09966499068325335,1.0,0.95,0.9766666666666667,1.0
High-Vol Stress,without_amm,Without AMM,0,price_resilience,Price Resilience,pre_shock_baseline,time_observed_steps,Observed Time,all,300,200.28,98.75323931014866,214.0,0.95,189.69291666666666,211.79016666666666
High-Vol Stress,without_amm,Without AMM,0,price_resilience,Price Resilience,pre_shock_baseline,normalized_auc_abs,Normalized AUC,all,300,0.4969731858359851,0.357054353676653,0.3914348905018903,0.95,0.4570956082889256,0.537942447507318
High-Vol Stress,without_amm,Without AMM,0,price_resilience,Price Resilience,pre_shock_baseline,normalized_avg_impact,Normalized Average Impact,all,300,-0.007391924409423091,0.7094960056003765,0.017661557710353867,0.95,-0.08776864556702874,0.06915032115331562
High-Vol Stress,without_amm,Without AMM,0,price_resilience,Price Resilience,pre_shock_baseline,recovery_steps_recovered_only,Recovery Steps,recovered_only,297,196.24242424242425,90.63847375057087,213.0,0.95,185.81708754208753,206.0079966329966
MM Withdrawal,with_amm,With AMM,1,spread_resilience,Quoted Spread Resilience,pre_shock_baseline,recovered_indicator,Recovered Indicator,all,300,0.05333333333333334,0.2250727616773127,0.0,0.95,0.03,0.08
MM Withdrawal,with_amm,With AMM,1,spread_resilience,Quoted Spread Resilience,pre_shock_baseline,time_observed_steps,Observed Time,all,300,579.6766666666666,92.4893130709164,600.0,0.95,568.5995,589.4433333333334
MM Withdrawal,with_amm,With AMM,1,spread_resilience,Quoted Spread Resilience,pre_shock_baseline,normalized_auc_abs,Normalized AUC,all,300,0.20585182296147272,0.12234853741780935,0.18016001576886456,0.95,0.19250269668324418,0.2200988585367019
MM Withdrawal,with_amm,With AMM,1,spread_resilience,Quoted Spread Resilience,pre_shock_baseline,normalized_avg_impact,Normalized Average Impact,all,300,0.22014463639749438,0.117214493045237,0.21305877192509812,0.95,0.20748958589948627,0.23427167667773166
MM Withdrawal,with_amm,With AMM,1,spread_resilience,Quoted Spread Resilience,pre_shock_baseline,recovery_steps_recovered_only,Recovery Steps,recovered_only,16,218.9375,154.55332143524663,192.0,0.95,148.3109375,290.5640625
MM Withdrawal,without_amm,Without AMM,0,spread_resilience,Quoted Spread Resilience,pre_shock_baseline,recovered_indicator,Recovered Indicator,all,300,0.08,0.271746488194703,0.0,0.95,0.05,0.11
MM Withdrawal,without_amm,Without AMM,0,spread_resilience,Quoted Spread Resilience,pre_shock_baseline,time_observed_steps,Observed Time,all,300,575.8666666666667,94.36141058849068,600.0,0.95,565.2058333333333,585.734
MM Withdrawal,without_amm,Without AMM,0,spread_resilience,Quoted Spread Resilience,pre_shock_baseline,normalized_auc_abs,Normalized AUC,all,300,0.19782114063384107,0.10506871955410071,0.1685019433484119,0.95,0.18693974487158152,0.21054657950791408
MM Withdrawal,without_amm,Without AMM,0,spread_resilience,Quoted Spread Resilience,pre_shock_baseline,normalized_avg_impact,Normalized Average Impact,all,300,0.22376660383579236,0.1082933331977669,0.21180691958370246,0.95,0.21168895231380666,0.23569981628884057
MM Withdrawal,without_amm,Without AMM,0,spread_resilience,Quoted Spread Resilience,pre_shock_baseline,recovery_steps_recovered_only,Recovery Steps,recovered_only,24,298.3333333333333,168.49426945917094,319.0,0.95,231.540625,363.75416666666666
Flash Crash,with_amm,With AMM,1,spread_resilience,Quoted Spread Resilience,pre_shock_baseline,recovered_indicator,Recovered Indicator,all,300,0.023333333333333334,0.15121212222763153,0.0,0.95,0.01,0.043333333333333335
Flash Crash,with_amm,With AMM,1,spread_resilience,Quoted Spread Resilience,pre_shock_baseline,time_observed_steps,Observed Time,all,300,593.2266666666667,49.802371525736746,600.0,0.95,587.2326666666667,598.1733333333333
Flash Crash,with_amm,With AMM,1,spread_resilience,Quoted Spread Resilience,pre_shock_baseline,normalized_auc_abs,Normalized AUC,all,300,0.14915534274991393,0.08008169857041464,0.13424677275639305,0.95,0.14082272662400083,0.1582797549121655
Flash Crash,with_amm,With AMM,1,spread_resilience,Quoted Spread Resilience,pre_shock_baseline,normalized_avg_impact,Normalized Average Impact,all,300,0.23673425443706417,0.09980997900525478,0.23232866099790223,0.95,0.22565839293015594,0.24767606933035113
Flash Crash,with_amm,With AMM,1,spread_resilience,Quoted Spread Resilience,pre_shock_baseline,recovery_steps_recovered_only,Recovery Steps,recovered_only,7,309.7142857142857,166.08503272492104,269.0,0.95,197.0,424.63928571428534
Flash Crash,without_amm,Without AMM,0,spread_resilience,Quoted Spread Resilience,pre_shock_baseline,recovered_indicator,Recovered Indicator,all,300,0.05333333333333334,0.2250727616773127,0.0,0.95,0.03,0.08
Flash Crash,without_amm,Without AMM,0,spread_resilience,Quoted Spread Resilience,pre_shock_baseline,time_observed_steps,Observed Time,all,300,585.5933333333334,73.223038268931,600.0,0.95,577.1174166666667,592.8570833333333
Flash Crash,without_amm,Without AMM,0,spread_resilience,Quoted Spread Resilience,pre_shock_baseline,normalized_auc_abs,Normalized AUC,all,300,0.14862408740712535,0.10170656103679632,0.1273749660923616,0.95,0.13743678508337065,0.16024184824418
Flash Crash,without_amm,Without AMM,0,spread_resilience,Quoted Spread Resilience,pre_shock_baseline,normalized_avg_impact,Normalized Average Impact,all,300,0.22997364242480398,0.10168818741580521,0.22879636951836213,0.95,0.21849103186672558,0.2418872878388572
Flash Crash,without_amm,Without AMM,0,spread_resilience,Quoted Spread Resilience,pre_shock_baseline,recovery_steps_recovered_only,Recovery Steps,recovered_only,16,329.875,182.19179454629673,299.5,0.95,246.0578125,419.5
Dealer Liquidity Crisis,with_amm,With AMM,1,spread_resilience,Quoted Spread Resilience,pre_shock_baseline,recovered_indicator,Recovered Indicator,all,300,0.06666666666666667,0.24986060773937238,0.0,0.95,0.04,0.09666666666666666
Dealer Liquidity Crisis,with_amm,With AMM,1,spread_resilience,Quoted Spread Resilience,pre_shock_baseline,time_observed_steps,Observed Time,all,300,582.11,78.13437892866726,600.0,0.95,572.4793333333333,590.5236666666666
Dealer Liquidity Crisis,with_amm,With AMM,1,spread_resilience,Quoted Spread Resilience,pre_shock_baseline,normalized_auc_abs,Normalized AUC,all,300,0.12274362620597666,0.06288277675930731,0.10914516109561387,0.95,0.11612752714999129,0.12996342154745127
Dealer Liquidity Crisis,with_amm,With AMM,1,spread_resilience,Quoted Spread Resilience,pre_shock_baseline,normalized_avg_impact,Normalized Average Impact,all,300,0.2705598230144627,0.09782845006857505,0.25793176455746825,0.95,0.2599102653710322,0.2812196166499471
Dealer Liquidity Crisis,with_amm,With AMM,1,spread_resilience,Quoted Spread Resilience,pre_shock_baseline,recovery_steps_recovered_only,Recovery Steps,recovered_only,20,331.65,159.1375687556954,347.5,0.95,261.78875000000005,403.40124999999995
Dealer Liquidity Crisis,without_amm,Without AMM,0,spread_resilience,Quoted Spread Resilience,pre_shock_baseline,recovered_indicator,Recovered Indicator,all,300,0.08,0.271746488194703,0.0,0.95,0.05,0.11333333333333333
Dealer Liquidity Crisis,without_amm,Without AMM,0,spread_resilience,Quoted Spread Resilience,pre_shock_baseline,time_observed_steps,Observed Time,all,300,577.0266666666666,92.36248544700774,600.0,0.95,565.992,586.8841666666666
Dealer Liquidity Crisis,without_amm,Without AMM,0,spread_resilience,Quoted Spread Resilience,pre_shock_baseline,normalized_auc_abs,Normalized AUC,all,300,0.12653805142194782,0.06964439573029738,0.11097754371181023,0.95,0.11893634359717323,0.13443859628749216
Dealer Liquidity Crisis,without_amm,Without AMM,0,spread_resilience,Quoted Spread Resilience,pre_shock_baseline,normalized_avg_impact,Normalized Average Impact,all,300,0.2922458499615732,0.1132638206571448,0.27754450763403865,0.95,0.28026197756995364,0.3056237369041784
Dealer Liquidity Crisis,without_amm,Without AMM,0,spread_resilience,Quoted Spread Resilience,pre_shock_baseline,recovery_steps_recovered_only,Recovery Steps,recovered_only,24,312.8333333333333,178.14226524513117,361.5,0.95,244.52916666666667,382.9604166666666
Funding Liquidity Shock,with_amm,With AMM,1,spread_resilience,Quoted Spread Resilience,pre_shock_baseline,recovered_indicator,Recovered Indicator,all,300,0.04,0.19628659682628738,0.0,0.95,0.02,0.06333333333333334
Funding Liquidity Shock,with_amm,With AMM,1,spread_resilience,Quoted Spread Resilience,pre_shock_baseline,time_observed_steps,Observed Time,all,300,590.3633333333333,59.70477526564039,600.0,0.95,582.8530833333333,596.2670833333333
Funding Liquidity Shock,with_amm,With AMM,1,spread_resilience,Quoted Spread Resilience,pre_shock_baseline,normalized_auc_abs,Normalized AUC,all,300,0.11407864406660534,0.04758280797963612,0.10380467093257065,0.95,0.10872959667602339,0.11951188853019346
Funding Liquidity Shock,with_amm,With AMM,1,spread_resilience,Quoted Spread Resilience,pre_shock_baseline,normalized_avg_impact,Normalized Average Impact,all,300,0.3043988181198778,0.09406839810109892,0.2966150225707872,0.95,0.2937414835979826,0.3147258987842306
Funding Liquidity Shock,with_amm,With AMM,1,spread_resilience,Quoted Spread Resilience,pre_shock_baseline,recovery_steps_recovered_only,Recovery Steps,recovered_only,12,359.0833333333333,190.024619617054,437.0,0.95,251.40833333333333,454.61666666666645
Funding Liquidity Shock,without_amm,Without AMM,0,spread_resilience,Quoted Spread Resilience,pre_shock_baseline,recovered_indicator,Recovered Indicator,all,300,0.06333333333333334,0.2439684903901178,0.0,0.95,0.03666666666666667,0.09333333333333334
Funding Liquidity Shock,without_amm,Without AMM,0,spread_resilience,Quoted Spread Resilience,pre_shock_baseline,time_observed_steps,Observed Time,all,300,582.8966666666666,76.01073231444899,600.0,0.95,573.9359999999999,590.8484166666667
Funding Liquidity Shock,without_amm,Without AMM,0,spread_resilience,Quoted Spread Resilience,pre_shock_baseline,normalized_auc_abs,Normalized AUC,all,300,0.10867208198245683,0.05139652591056449,0.09510277530501104,0.95,0.1029966575794139,0.11464001565886829
Funding Liquidity Shock,without_amm,Without AMM,0,spread_resilience,Quoted Spread Resilience,pre_shock_baseline,normalized_avg_impact,Normalized Average Impact,all,300,0.31006957027405735,0.10094972097247107,0.2965785978556813,0.95,0.2986267257475971,0.32200872200552944
Funding Liquidity Shock,without_amm,Without AMM,0,spread_resilience,Quoted Spread Resilience,pre_shock_baseline,recovery_steps_recovered_only,Recovery Steps,recovered_only,19,329.94736842105266,154.49360780887076,362.0,0.95,263.66315789473686,397.11052631578946
High-Vol Stress,with_amm,With AMM,1,spread_resilience,Quoted Spread Resilience,pre_shock_baseline,recovered_indicator,Recovered Indicator,all,300,0.02666666666666667,0.16137646493112862,0.0,0.95,0.01,0.04666666666666667
High-Vol Stress,with_amm,With AMM,1,spread_resilience,Quoted Spread Resilience,pre_shock_baseline,time_observed_steps,Observed Time,all,300,594.1333333333333,38.50173373443609,600.0,0.95,589.2585,597.8104166666666
High-Vol Stress,with_amm,With AMM,1,spread_resilience,Quoted Spread Resilience,pre_shock_baseline,normalized_auc_abs,Normalized AUC,all,300,0.20679748268895537,0.05689738432116459,0.19407798685122846,0.95,0.20051371809328614,0.21309224788776174
High-Vol Stress,with_amm,With AMM,1,spread_resilience,Quoted Spread Resilience,pre_shock_baseline,normalized_avg_impact,Normalized Average Impact,all,300,0.39054175051972456,0.10207624499142325,0.384721567225913,0.95,0.3797443958200428,0.4021599281300645
High-Vol Stress,with_amm,With AMM,1,spread_resilience,Quoted Spread Resilience,pre_shock_baseline,recovery_steps_recovered_only,Recovery Steps,recovered_only,8,380.0,97.36382431742442,358.0,0.95,318.2375,444.375
High-Vol Stress,without_amm,Without AMM,0,spread_resilience,Quoted Spread Resilience,pre_shock_baseline,recovered_indicator,Recovered Indicator,all,300,0.03,0.17087224588772665,0.0,0.95,0.013333333333333334,0.05
High-Vol Stress,without_amm,Without AMM,0,spread_resilience,Quoted Spread Resilience,pre_shock_baseline,time_observed_steps,Observed Time,all,300,592.8233333333334,46.14676444183698,600.0,0.95,587.2065833333334,597.4369999999999
High-Vol Stress,without_amm,Without AMM,0,spread_resilience,Quoted Spread Resilience,pre_shock_baseline,normalized_auc_abs,Normalized AUC,all,300,0.19524660890496742,0.06315048151011331,0.1744342129936493,0.95,0.18855649607847796,0.20273174785495343
High-Vol Stress,without_amm,Without AMM,0,spread_resilience,Quoted Spread Resilience,pre_shock_baseline,normalized_avg_impact,Normalized Average Impact,all,300,0.3769145813598837,0.10308825846438623,0.3648079130747246,0.95,0.3656250000632977,0.3888624074047703
High-Vol Stress,without_amm,Without AMM,0,spread_resilience,Quoted Spread Resilience,pre_shock_baseline,recovery_steps_recovered_only,Recovery Steps,recovered_only,9,360.77777777777777,130.9262939384005,312.0,0.95,280.87500000000006,446.0166666666666
MM Withdrawal,with_amm,With AMM,1,depth_resilience,Depth Resilience,pre_shock_baseline,recovered_indicator,Recovered Indicator,all,300,1.0,0.0,1.0,0.95,1.0,1.0
MM Withdrawal,with_amm,With AMM,1,depth_resilience,Depth Resilience,pre_shock_baseline,time_observed_steps,Observed Time,all,300,11.173333333333334,7.00381803822726,10.0,0.95,10.4,11.986666666666666
MM Withdrawal,with_amm,With AMM,1,depth_resilience,Depth Resilience,pre_shock_baseline,normalized_auc_abs,Normalized AUC,all,300,0.24559626155667885,0.08338256210585147,0.22488972345407895,0.95,0.23584478074118206,0.2560690963993357
MM Withdrawal,with_amm,With AMM,1,depth_resilience,Depth Resilience,pre_shock_baseline,normalized_avg_impact,Normalized Average Impact,all,300,-0.5613694119703974,0.11830479917779216,-0.5801000377918182,0.95,-0.5750425278772945,-0.5477185910855908
MM Withdrawal,with_amm,With AMM,1,depth_resilience,Depth Resilience,pre_shock_baseline,recovery_steps_recovered_only,Recovery Steps,recovered_only,300,11.173333333333334,7.00381803822726,10.0,0.95,10.38,11.973499999999998
MM Withdrawal,without_amm,Without AMM,0,depth_resilience,Depth Resilience,pre_shock_baseline,recovered_indicator,Recovered Indicator,all,300,1.0,0.0,1.0,0.95,1.0,1.0
MM Withdrawal,without_amm,Without AMM,0,depth_resilience,Depth Resilience,pre_shock_baseline,time_observed_steps,Observed Time,all,300,11.486666666666666,7.221054932395807,10.0,0.95,10.74,12.303416666666665
MM Withdrawal,without_amm,Without AMM,0,depth_resilience,Depth Resilience,pre_shock_baseline,normalized_auc_abs,Normalized AUC,all,300,0.2554154877149923,0.1361886065398902,0.2229510056491924,0.95,0.24192632435332007,0.2714176438228072
MM Withdrawal,without_amm,Without AMM,0,depth_resilience,Depth Resilience,pre_shock_baseline,normalized_avg_impact,Normalized Average Impact,all,300,-0.5588199478574949,0.12620022322417615,-0.5685311910142818,0.95,-0.5724435967841424,-0.5440402937737645
MM Withdrawal,without_amm,Without AMM,0,depth_resilience,Depth Resilience,pre_shock_baseline,recovery_steps_recovered_only,Recovery Steps,recovered_only,300,11.486666666666666,7.221054932395807,10.0,0.95,10.709916666666668,12.356666666666667
Flash Crash,with_amm,With AMM,1,depth_resilience,Depth Resilience,pre_shock_baseline,recovered_indicator,Recovered Indicator,all,300,1.0,0.0,1.0,0.95,1.0,1.0
Flash Crash,with_amm,With AMM,1,depth_resilience,Depth Resilience,pre_shock_baseline,time_observed_steps,Observed Time,all,300,16.34,7.348769605567933,15.0,0.95,15.519916666666667,17.153499999999998
Flash Crash,with_amm,With AMM,1,depth_resilience,Depth Resilience,pre_shock_baseline,normalized_auc_abs,Normalized AUC,all,300,0.23148615450513507,0.0985177395864968,0.20291454961218341,0.95,0.22126943155659098,0.24300527835305535
Flash Crash,with_amm,With AMM,1,depth_resilience,Depth Resilience,pre_shock_baseline,normalized_avg_impact,Normalized Average Impact,all,300,-0.6207179058835628,0.11434746565858159,-0.6233853773756348,0.95,-0.6332689791814957,-0.6076240470476652
Flash Crash,with_amm,With AMM,1,depth_resilience,Depth Resilience,pre_shock_baseline,recovery_steps_recovered_only,Recovery Steps,recovered_only,300,16.34,7.348769605567933,15.0,0.95,15.53325,17.156666666666666
Flash Crash,without_amm,Without AMM,0,depth_resilience,Depth Resilience,pre_shock_baseline,recovered_indicator,Recovered Indicator,all,300,0.9966666666666667,0.05773502691896257,1.0,0.95,0.99,1.0
Flash Crash,without_amm,Without AMM,0,depth_resilience,Depth Resilience,pre_shock_baseline,time_observed_steps,Observed Time,all,300,18.08,34.39472231428716,15.0,0.95,15.573250000000002,22.476916666666664
Flash Crash,without_amm,Without AMM,0,depth_resilience,Depth Resilience,pre_shock_baseline,normalized_auc_abs,Normalized AUC,all,300,0.24716884017037255,0.12973239519191057,0.21216914135717854,0.95,0.23358216504325666,0.2627912913133879
Flash Crash,without_amm,Without AMM,0,depth_resilience,Depth Resilience,pre_shock_baseline,normalized_avg_impact,Normalized Average Impact,all,300,-0.6096907409293167,0.11157000530700606,-0.6166505834294522,0.95,-0.6212963624850066,-0.5965555283711158
Flash Crash,without_amm,Without AMM,0,depth_resilience,Depth Resilience,pre_shock_baseline,recovery_steps_recovered_only,Recovery Steps,recovered_only,299,16.13377926421405,6.842584981297637,15.0,0.95,15.377926421404682,16.919816053511703
Dealer Liquidity Crisis,with_amm,With AMM,1,depth_resilience,Depth Resilience,pre_shock_baseline,recovered_indicator,Recovered Indicator,all,300,1.0,0.0,1.0,0.95,1.0,1.0
Dealer Liquidity Crisis,with_amm,With AMM,1,depth_resilience,Depth Resilience,pre_shock_baseline,time_observed_steps,Observed Time,all,300,31.536666666666665,8.653994895290534,31.0,0.95,30.563166666666667,32.52675
Dealer Liquidity Crisis,with_amm,With AMM,1,depth_resilience,Depth Resilience,pre_shock_baseline,normalized_auc_abs,Normalized AUC,all,300,0.22170407082640395,0.0552984021246757,0.20784984760821068,0.95,0.2155921868499473,0.22799094032681796
Dealer Liquidity Crisis,with_amm,With AMM,1,depth_resilience,Depth Resilience,pre_shock_baseline,normalized_avg_impact,Normalized Average Impact,all,300,-0.7767063456053097,0.06546897937109582,-0.7825133405465264,0.95,-0.7838384289574858,-0.7693302178263655
Dealer Liquidity Crisis,with_amm,With AMM,1,depth_resilience,Depth Resilience,pre_shock_baseline,recovery_steps_recovered_only,Recovery Steps,recovered_only,300,31.536666666666665,8.653994895290534,31.0,0.95,30.556500000000003,32.50683333333333
Dealer Liquidity Crisis,without_amm,Without AMM,0,depth_resilience,Depth Resilience,pre_shock_baseline,recovered_indicator,Recovered Indicator,all,300,0.9966666666666667,0.05773502691896257,1.0,0.95,0.99,1.0
Dealer Liquidity Crisis,without_amm,Without AMM,0,depth_resilience,Depth Resilience,pre_shock_baseline,time_observed_steps,Observed Time,all,300,35.04,34.03989003672566,32.5,0.95,32.38666666666666,39.5205
Dealer Liquidity Crisis,without_amm,Without AMM,0,depth_resilience,Depth Resilience,pre_shock_baseline,normalized_auc_abs,Normalized AUC,all,300,0.24420731631645812,0.10758101109127809,0.21530592564336434,0.95,0.23257716679946935,0.25825832872595683
Dealer Liquidity Crisis,without_amm,Without AMM,0,depth_resilience,Depth Resilience,pre_shock_baseline,normalized_avg_impact,Normalized Average Impact,all,300,-0.7734075895500554,0.08207714654997322,-0.7829138067023333,0.95,-0.7821659983615011,-0.7635674683109649
Dealer Liquidity Crisis,without_amm,Without AMM,0,depth_resilience,Depth Resilience,pre_shock_baseline,recovery_steps_recovered_only,Recovery Steps,recovered_only,299,33.1505016722408,9.378010017862607,32.0,0.95,32.09632107023412,34.26772575250836
Funding Liquidity Shock,with_amm,With AMM,1,depth_resilience,Depth Resilience,pre_shock_baseline,recovered_indicator,Recovered Indicator,all,300,1.0,0.0,1.0,0.95,1.0,1.0
Funding Liquidity Shock,with_amm,With AMM,1,depth_resilience,Depth Resilience,pre_shock_baseline,time_observed_steps,Observed Time,all,300,30.173333333333332,8.953799415264161,30.0,0.95,29.18325,31.230416666666663
Funding Liquidity Shock,with_amm,With AMM,1,depth_resilience,Depth Resilience,pre_shock_baseline,normalized_auc_abs,Normalized AUC,all,300,0.22262959631683013,0.08639975601922652,0.1970222946853737,0.95,0.2133538223354271,0.2325307351070154
Funding Liquidity Shock,with_amm,With AMM,1,depth_resilience,Depth Resilience,pre_shock_baseline,normalized_avg_impact,Normalized Average Impact,all,300,-0.7592741199893601,0.08621535689425015,-0.7672749024228209,0.95,-0.7685166540635786,-0.7490255712653914
Funding Liquidity Shock,with_amm,With AMM,1,depth_resilience,Depth Resilience,pre_shock_baseline,recovery_steps_recovered_only,Recovery Steps,recovered_only,300,30.173333333333332,8.953799415264161,30.0,0.95,29.18325,31.166916666666665
Funding Liquidity Shock,without_amm,Without AMM,0,depth_resilience,Depth Resilience,pre_shock_baseline,recovered_indicator,Recovered Indicator,all,300,0.9966666666666667,0.05773502691896256,1.0,0.95,0.99,1.0
Funding Liquidity Shock,without_amm,Without AMM,0,depth_resilience,Depth Resilience,pre_shock_baseline,time_observed_steps,Observed Time,all,300,32.53,33.59331485095786,30.0,0.95,29.996583333333334,36.833999999999996
Funding Liquidity Shock,without_amm,Without AMM,0,depth_resilience,Depth Resilience,pre_shock_baseline,normalized_auc_abs,Normalized AUC,all,300,0.22588679934365538,0.09271759823154384,0.20514958639459713,0.95,0.21632611897436543,0.23714348178934608
Funding Liquidity Shock,without_amm,Without AMM,0,depth_resilience,Depth Resilience,pre_shock_baseline,normalized_avg_impact,Normalized Average Impact,all,300,-0.766224114023887,0.07895604139405575,-0.7758502777602612,0.95,-0.7746563041066988,-0.7571196926405638
Funding Liquidity Shock,without_amm,Without AMM,0,depth_resilience,Depth Resilience,pre_shock_baseline,recovery_steps_recovered_only,Recovery Steps,recovered_only,299,30.632107023411372,6.933415772214064,30.0,0.95,29.839464882943144,31.425083612040133
High-Vol Stress,with_amm,With AMM,1,depth_resilience,Depth Resilience,pre_shock_baseline,recovered_indicator,Recovered Indicator,all,300,0.9966666666666667,0.05773502691896256,1.0,0.95,0.99,1.0
High-Vol Stress,with_amm,With AMM,1,depth_resilience,Depth Resilience,pre_shock_baseline,time_observed_steps,Observed Time,all,300,217.92,27.737546845687753,213.5,0.95,215.13,221.4435
High-Vol Stress,with_amm,With AMM,1,depth_resilience,Depth Resilience,pre_shock_baseline,normalized_auc_abs,Normalized AUC,all,300,0.487846889319149,0.07942174650424522,0.4825058780609631,0.95,0.4788277483503145,0.496806491559127
High-Vol Stress,with_amm,With AMM,1,depth_resilience,Depth Resilience,pre_shock_baseline,normalized_avg_impact,Normalized Average Impact,all,300,-0.8462728258240988,0.05088594859776436,-0.8514466167998747,0.95,-0.8517075414330126,-0.8405473165860732
High-Vol Stress,with_amm,With AMM,1,depth_resilience,Depth Resilience,pre_shock_baseline,recovery_steps_recovered_only,Recovery Steps,recovered_only,299,216.64214046822744,16.74610132230726,213.0,0.95,214.8059364548495,218.57558528428095
High-Vol Stress,without_amm,Without AMM,0,depth_resilience,Depth Resilience,pre_shock_baseline,recovered_indicator,Recovered Indicator,all,300,0.9966666666666667,0.05773502691896256,1.0,0.95,0.99,1.0
High-Vol Stress,without_amm,Without AMM,0,depth_resilience,Depth Resilience,pre_shock_baseline,time_observed_steps,Observed Time,all,300,218.78666666666666,28.633559996662967,213.0,0.95,215.98,222.13691666666665
High-Vol Stress,without_amm,Without AMM,0,depth_resilience,Depth Resilience,pre_shock_baseline,normalized_auc_abs,Normalized AUC,all,300,0.4884847636925363,0.07253338559805944,0.4789286145337339,0.95,0.4802419734583846,0.4964664931919833
High-Vol Stress,without_amm,Without AMM,0,depth_resilience,Depth Resilience,pre_shock_baseline,normalized_avg_impact,Normalized Average Impact,all,300,-0.8417819501993926,0.05414397362364076,-0.8447400097346066,0.95,-0.8479050387628497,-0.8353575212772089
High-Vol Stress,without_amm,Without AMM,0,depth_resilience,Depth Resilience,pre_shock_baseline,recovery_steps_recovered_only,Recovery Steps,recovered_only,299,217.51170568561872,18.25754500926774,213.0,0.95,215.51120401337792,219.65560200668895
MM Withdrawal,with_amm,With AMM,1,execution_cost_resilience,Execution Cost Resilience,pre_shock_baseline,recovered_indicator,Recovered Indicator,all,300,0.14333333333333334,0.3509979402633573,0.0,0.95,0.10658333333333349,0.18333333333333332
MM Withdrawal,with_amm,With AMM,1,execution_cost_resilience,Execution Cost Resilience,pre_shock_baseline,time_observed_steps,Observed Time,all,300,560.3366666666667,116.67077707363332,600.0,0.95,546.8193333333334,573.0875833333333
MM Withdrawal,with_amm,With AMM,1,execution_cost_resilience,Execution Cost Resilience,pre_shock_baseline,normalized_auc_abs,Normalized AUC,all,300,0.20475669294044357,0.10705213378950096,0.18329412132515654,0.95,0.1933301892050022,0.21724682458305988
MM Withdrawal,with_amm,With AMM,1,execution_cost_resilience,Execution Cost Resilience,pre_shock_baseline,normalized_avg_impact,Normalized Average Impact,all,300,0.22739712761721284,0.10821655570106416,0.2154096649795491,0.95,0.21542075718547868,0.24018903956799398
MM Withdrawal,with_amm,With AMM,1,execution_cost_resilience,Execution Cost Resilience,pre_shock_baseline,recovery_steps_recovered_only,Recovery Steps,recovered_only,43,323.27906976744185,172.46536237216355,343.0,0.95,272.55290697674417,375.26569767441856
MM Withdrawal,without_amm,Without AMM,0,execution_cost_resilience,Execution Cost Resilience,pre_shock_baseline,recovered_indicator,Recovered Indicator,all,300,0.18333333333333332,0.3875860748793186,0.0,0.95,0.14,0.23
MM Withdrawal,without_amm,Without AMM,0,execution_cost_resilience,Execution Cost Resilience,pre_shock_baseline,time_observed_steps,Observed Time,all,300,548.3233333333334,128.7036423236738,600.0,0.95,534.071,562.1439166666667
MM Withdrawal,without_amm,Without AMM,0,execution_cost_resilience,Execution Cost Resilience,pre_shock_baseline,normalized_auc_abs,Normalized AUC,all,300,0.1972639607294208,0.10153949319985983,0.17429668904783646,0.95,0.18651925798487343,0.2094243218119517
MM Withdrawal,without_amm,Without AMM,0,execution_cost_resilience,Execution Cost Resilience,pre_shock_baseline,normalized_avg_impact,Normalized Average Impact,all,300,0.23479136913206142,0.10888256155949484,0.22427833355110702,0.95,0.22247126816556553,0.24781539290046842
MM Withdrawal,without_amm,Without AMM,0,execution_cost_resilience,Execution Cost Resilience,pre_shock_baseline,recovery_steps_recovered_only,Recovery Steps,recovered_only,55,318.1272727272727,160.09800870270809,326.0,0.95,277.3259090909091,359.98454545454547
Flash Crash,with_amm,With AMM,1,execution_cost_resilience,Execution Cost Resilience,pre_shock_baseline,recovered_indicator,Recovered Indicator,all,300,0.13333333333333333,0.34050261230349943,0.0,0.95,0.09666666666666666,0.17333333333333334
Flash Crash,with_amm,With AMM,1,execution_cost_resilience,Execution Cost Resilience,pre_shock_baseline,time_observed_steps,Observed Time,all,300,566.2033333333334,101.32742048773315,600.0,0.95,554.4095833333333,576.9504166666667
Flash Crash,with_amm,With AMM,1,execution_cost_resilience,Execution Cost Resilience,pre_shock_baseline,normalized_auc_abs,Normalized AUC,all,300,0.14581342792766905,0.0813768667937953,0.13084901210757863,0.95,0.1362480605081496,0.1553455681565708
Flash Crash,with_amm,With AMM,1,execution_cost_resilience,Execution Cost Resilience,pre_shock_baseline,normalized_avg_impact,Normalized Average Impact,all,300,0.23420853987034193,0.10717424079071586,0.21787843209541682,0.95,0.22248878825707016,0.24629383934065294
Flash Crash,with_amm,With AMM,1,execution_cost_resilience,Execution Cost Resilience,pre_shock_baseline,recovery_steps_recovered_only,Recovery Steps,recovered_only,40,346.525,146.98578118918468,344.5,0.95,302.4543750000001,388.655
Flash Crash,without_amm,Without AMM,0,execution_cost_resilience,Execution Cost Resilience,pre_shock_baseline,recovered_indicator,Recovered Indicator,all,300,0.23666666666666666,0.4257461153528187,0.0,0.95,0.19,0.2866666666666667
Flash Crash,without_amm,Without AMM,0,execution_cost_resilience,Execution Cost Resilience,pre_shock_baseline,time_observed_steps,Observed Time,all,300,527.7266666666667,154.9042814458542,600.0,0.95,509.65141666666665,545.7070833333333
Flash Crash,without_amm,Without AMM,0,execution_cost_resilience,Execution Cost Resilience,pre_shock_baseline,normalized_auc_abs,Normalized AUC,all,300,0.1398715442785914,0.07067222289929746,0.12633136248354887,0.95,0.1320335809293565,0.14777077452192916
Flash Crash,without_amm,Without AMM,0,execution_cost_resilience,Execution Cost Resilience,pre_shock_baseline,normalized_avg_impact,Normalized Average Impact,all,300,0.2358216872023271,0.10171166422980446,0.2361770285781391,0.95,0.22467077273989183,0.24747265791785383
Flash Crash,without_amm,Without AMM,0,execution_cost_resilience,Execution Cost Resilience,pre_shock_baseline,recovery_steps_recovered_only,Recovery Steps,recovered_only,71,294.61971830985914,174.04353857560903,262.0,0.95,254.95528169014085,334.0848591549296
Dealer Liquidity Crisis,with_amm,With AMM,1,execution_cost_resilience,Execution Cost Resilience,pre_shock_baseline,recovered_indicator,Recovered Indicator,all,300,0.16,0.36721859746989827,0.0,0.95,0.11666666666666667,0.20333333333333334
Dealer Liquidity Crisis,with_amm,With AMM,1,execution_cost_resilience,Execution Cost Resilience,pre_shock_baseline,time_observed_steps,Observed Time,all,300,542.94,146.875814037451,600.0,0.95,525.4788333333333,558.668
Dealer Liquidity Crisis,with_amm,With AMM,1,execution_cost_resilience,Execution Cost Resilience,pre_shock_baseline,normalized_auc_abs,Normalized AUC,all,300,0.13109412099853276,0.0638223840920177,0.11563908824643321,0.95,0.12435252075693379,0.13893452152092522
Dealer Liquidity Crisis,with_amm,With AMM,1,execution_cost_resilience,Execution Cost Resilience,pre_shock_baseline,normalized_avg_impact,Normalized Average Impact,all,300,0.2817308619622461,0.11019280220134531,0.269687829518339,0.95,0.2695370131491178,0.2947184123675178
Dealer Liquidity Crisis,with_amm,With AMM,1,execution_cost_resilience,Execution Cost Resilience,pre_shock_baseline,recovery_steps_recovered_only,Recovery Steps,recovered_only,48,243.375,167.72731479296857,196.0,0.95,198.29427083333337,289.6041666666667
Dealer Liquidity Crisis,without_amm,Without AMM,0,execution_cost_resilience,Execution Cost Resilience,pre_shock_baseline,recovered_indicator,Recovered Indicator,all,300,0.17666666666666667,0.38202359741972386,0.0,0.95,0.13333333333333333,0.22
Dealer Liquidity Crisis,without_amm,Without AMM,0,execution_cost_resilience,Execution Cost Resilience,pre_shock_baseline,time_observed_steps,Observed Time,all,300,549.4333333333333,130.00946282342042,600.0,0.95,534.3846666666667,563.8602500000001
Dealer Liquidity Crisis,without_amm,Without AMM,0,execution_cost_resilience,Execution Cost Resilience,pre_shock_baseline,normalized_auc_abs,Normalized AUC,all,300,0.1302271760832546,0.0712844880809116,0.11470250350779287,0.95,0.1224057074665618,0.13896955869099004
Dealer Liquidity Crisis,without_amm,Without AMM,0,execution_cost_resilience,Execution Cost Resilience,pre_shock_baseline,normalized_avg_impact,Normalized Average Impact,all,300,0.3040846602553288,0.11439998113261472,0.2955397433134887,0.95,0.29138168617539084,0.31730573251648214
Dealer Liquidity Crisis,without_amm,Without AMM,0,execution_cost_resilience,Execution Cost Resilience,pre_shock_baseline,recovery_steps_recovered_only,Recovery Steps,recovered_only,53,313.77358490566036,168.64147695736906,295.0,0.95,270.26320754716977,357.62641509433956
Funding Liquidity Shock,with_amm,With AMM,1,execution_cost_resilience,Execution Cost Resilience,pre_shock_baseline,recovered_indicator,Recovered Indicator,all,300,0.12666666666666668,0.33315491323044827,0.0,0.95,0.09,0.16333333333333333
Funding Liquidity Shock,with_amm,With AMM,1,execution_cost_resilience,Execution Cost Resilience,pre_shock_baseline,time_observed_steps,Observed Time,all,300,564.0733333333334,112.31647813101486,600.0,0.95,552.0521666666666,576.0335833333334
Funding Liquidity Shock,with_amm,With AMM,1,execution_cost_resilience,Execution Cost Resilience,pre_shock_baseline,normalized_auc_abs,Normalized AUC,all,300,0.1174401550428761,0.051617611021013574,0.10869552986966269,0.95,0.11163736969563359,0.12334237195197674
Funding Liquidity Shock,with_amm,With AMM,1,execution_cost_resilience,Execution Cost Resilience,pre_shock_baseline,normalized_avg_impact,Normalized Average Impact,all,300,0.3095170505274594,0.09652708415576046,0.2997706815071475,0.95,0.2991381635492617,0.3202661898106706
Funding Liquidity Shock,with_amm,With AMM,1,execution_cost_resilience,Execution Cost Resilience,pre_shock_baseline,recovery_steps_recovered_only,Recovery Steps,recovered_only,38,316.36842105263156,172.5890950569435,363.5,0.95,261.68355263157895,368.18552631578945
Funding Liquidity Shock,without_amm,Without AMM,0,execution_cost_resilience,Execution Cost Resilience,pre_shock_baseline,recovered_indicator,Recovered Indicator,all,300,0.23666666666666666,0.4257461153528187,0.0,0.95,0.19,0.2866666666666667
Funding Liquidity Shock,without_amm,Without AMM,0,execution_cost_resilience,Execution Cost Resilience,pre_shock_baseline,time_observed_steps,Observed Time,all,300,519.1566666666666,167.64548552908656,600.0,0.95,499.43533333333335,536.6509166666666
Funding Liquidity Shock,without_amm,Without AMM,0,execution_cost_resilience,Execution Cost Resilience,pre_shock_baseline,normalized_auc_abs,Normalized AUC,all,300,0.10756040647773915,0.042861439013074695,0.09830135484185454,0.95,0.10284788708382027,0.11266819703765009
Funding Liquidity Shock,without_amm,Without AMM,0,execution_cost_resilience,Execution Cost Resilience,pre_shock_baseline,normalized_avg_impact,Normalized Average Impact,all,300,0.32242247764758875,0.10346416479309126,0.3121191768333392,0.95,0.3105275050800995,0.3341841415603629
Funding Liquidity Shock,without_amm,Without AMM,0,execution_cost_resilience,Execution Cost Resilience,pre_shock_baseline,recovery_steps_recovered_only,Recovery Steps,recovered_only,71,258.40845070422534,172.35640627695926,222.0,0.95,221.1669014084507,298.73415492957747
High-Vol Stress,with_amm,With AMM,1,execution_cost_resilience,Execution Cost Resilience,pre_shock_baseline,recovered_indicator,Recovered Indicator,all,300,0.09333333333333334,0.29138503682901834,0.0,0.95,0.06333333333333334,0.12674999999999956
High-Vol Stress,with_amm,With AMM,1,execution_cost_resilience,Execution Cost Resilience,pre_shock_baseline,time_observed_steps,Observed Time,all,300,581.3533333333334,66.07010937935719,600.0,0.95,573.6064166666666,588.4301666666667
High-Vol Stress,with_amm,With AMM,1,execution_cost_resilience,Execution Cost Resilience,pre_shock_baseline,normalized_auc_abs,Normalized AUC,all,300,0.22910747003897716,0.0768344154692834,0.22133965588536292,0.95,0.2208719556578675,0.23787901989710142
High-Vol Stress,with_amm,With AMM,1,execution_cost_resilience,Execution Cost Resilience,pre_shock_baseline,normalized_avg_impact,Normalized Average Impact,all,300,0.41424782439092533,0.12251311475723387,0.4009233486841832,0.95,0.4003954918097215,0.42839050736903356
High-Vol Stress,with_amm,With AMM,1,execution_cost_resilience,Execution Cost Resilience,pre_shock_baseline,recovery_steps_recovered_only,Recovery Steps,recovered_only,28,400.2142857142857,103.98018227950126,408.5,0.95,363.9232142857143,437.46517857142857
High-Vol Stress,without_amm,Without AMM,0,execution_cost_resilience,Execution Cost Resilience,pre_shock_baseline,recovered_indicator,Recovered Indicator,all,300,0.10333333333333333,0.30490234560715457,0.0,0.95,0.07,0.14
High-Vol Stress,without_amm,Without AMM,0,execution_cost_resilience,Execution Cost Resilience,pre_shock_baseline,time_observed_steps,Observed Time,all,300,574.8633333333333,82.03065331019383,600.0,0.95,565.1231666666666,583.4068333333333
High-Vol Stress,without_amm,Without AMM,0,execution_cost_resilience,Execution Cost Resilience,pre_shock_baseline,normalized_auc_abs,Normalized AUC,all,300,0.2072519533246437,0.07449122620770746,0.19203113584432063,0.95,0.19926189757724513,0.21664522514362944
High-Vol Stress,without_amm,Without AMM,0,execution_cost_resilience,Execution Cost Resilience,pre_shock_baseline,normalized_avg_impact,Normalized Average Impact,all,300,0.3939866602034991,0.11865528826763289,0.37778221772689813,0.95,0.3809724230170075,0.40765040160976784
High-Vol Stress,without_amm,Without AMM,0,execution_cost_resilience,Execution Cost Resilience,pre_shock_baseline,recovery_steps_recovered_only,Recovery Steps,recovered_only,31,356.741935483871,110.62337539053716,363.0,0.95,319.28387096774196,395.5862903225806
MM Withdrawal,with_amm,With AMM,1,composite_resilience,Composite Resilience,joint_price_spread_depth_cost,recovered_indicator,Recovered Indicator,all,300,0.013333333333333334,0.11488931224930929,0.0,0.95,0.0033333333333333335,0.02666666666666667
MM Withdrawal,with_amm,With AMM,1,composite_resilience,Composite Resilience,joint_price_spread_depth_cost,time_observed_steps,Observed Time,all,300,15.293333333333333,40.79527919876563,10.0,0.95,11.386416666666667,20.580749999999995
MM Withdrawal,with_amm,With AMM,1,composite_resilience,Composite Resilience,joint_price_spread_depth_cost,normalized_auc_abs,Normalized AUC,all,300,0.34529092241237835,0.13709697859180112,0.3156146257035551,0.95,0.33044932299585034,0.3610839998550272
MM Withdrawal,with_amm,With AMM,1,composite_resilience,Composite Resilience,joint_price_spread_depth_cost,normalized_avg_impact,Normalized Average Impact,all,300,-0.03158585412521442,0.1810968127970177,-0.04829920676397494,0.95,-0.052352449717719865,-0.01165949767469033
MM Withdrawal,with_amm,With AMM,1,composite_resilience,Composite Resilience,joint_price_spread_depth_cost,recovery_steps_recovered_only,Recovery Steps,recovered_only,4,322.0,184.2226913276429,303.5,0.95,165.0,479.0
MM Withdrawal,without_amm,Without AMM,0,composite_resilience,Composite Resilience,joint_price_spread_depth_cost,recovered_indicator,Recovered Indicator,all,300,0.02666666666666667,0.16137646493112862,0.0,0.95,0.01,0.04666666666666667
MM Withdrawal,without_amm,Without AMM,0,composite_resilience,Composite Resilience,joint_price_spread_depth_cost,time_observed_steps,Observed Time,all,300,21.64666666666667,65.32748853340757,11.0,0.95,14.983166666666666,29.546833333333332
MM Withdrawal,without_amm,Without AMM,0,composite_resilience,Composite Resilience,joint_price_spread_depth_cost,normalized_auc_abs,Normalized AUC,all,300,0.3450057096156594,0.14461239764210615,0.3051936652353904,0.95,0.32917568288278026,0.3616805015933852
MM Withdrawal,without_amm,Without AMM,0,composite_resilience,Composite Resilience,joint_price_spread_depth_cost,normalized_avg_impact,Normalized Average Impact,all,300,-0.01981453900984884,0.1817752272463733,-0.006008906443278152,0.95,-0.04005888865104055,0.0005193444146881355
MM Withdrawal,without_amm,Without AMM,0,composite_resilience,Composite Resilience,joint_price_spread_depth_cost,recovery_steps_recovered_only,Recovery Steps,recovered_only,8,391.125,140.77381808114342,381.5,0.95,300.35625000000005,480.7687499999999
Flash Crash,with_amm,With AMM,1,composite_resilience,Composite Resilience,joint_price_spread_depth_cost,recovered_indicator,Recovered Indicator,all,300,0.006666666666666667,0.0815130058495636,0.0,0.95,0.0,0.016666666666666666
Flash Crash,with_amm,With AMM,1,composite_resilience,Composite Resilience,joint_price_spread_depth_cost,time_observed_steps,Observed Time,all,300,18.21,32.982399786131,15.0,0.95,15.219666666666669,22.41675
Flash Crash,with_amm,With AMM,1,composite_resilience,Composite Resilience,joint_price_spread_depth_cost,normalized_auc_abs,Normalized AUC,all,300,0.2741913290693741,0.12808123084891182,0.24417436250547464,0.95,0.260171979525372,0.28908683516769323
Flash Crash,with_amm,With AMM,1,composite_resilience,Composite Resilience,joint_price_spread_depth_cost,normalized_avg_impact,Normalized Average Impact,all,300,-0.03524505456726834,0.17622110572240232,-0.04198813868142207,0.95,-0.05603523841587957,-0.014686665705163787
Flash Crash,with_amm,With AMM,1,composite_resilience,Composite Resilience,joint_price_spread_depth_cost,recovery_steps_recovered_only,Recovery Steps,recovered_only,2,410.0,38.18376618407357,410.0,0.95,383.0,437.0
Flash Crash,without_amm,Without AMM,0,composite_resilience,Composite Resilience,joint_price_spread_depth_cost,recovered_indicator,Recovered Indicator,all,300,0.03333333333333333,0.17980541941701306,0.0,0.95,0.016666666666666666,0.056666666666666664
Flash Crash,without_amm,Without AMM,0,composite_resilience,Composite Resilience,joint_price_spread_depth_cost,time_observed_steps,Observed Time,all,300,29.49,77.75011361550592,15.0,0.95,21.58866666666667,38.69766666666666
Flash Crash,without_amm,Without AMM,0,composite_resilience,Composite Resilience,joint_price_spread_depth_cost,normalized_auc_abs,Normalized AUC,all,300,0.25703713352069285,0.11705017184954213,0.23482971471450453,0.95,0.2441631254753817,0.27066720191400817
Flash Crash,without_amm,Without AMM,0,composite_resilience,Composite Resilience,joint_price_spread_depth_cost,normalized_avg_impact,Normalized Average Impact,all,300,-0.05812274217983746,0.16306123111604598,-0.06348228132312136,0.95,-0.07642474165836839,-0.03939302331216052
Flash Crash,without_amm,Without AMM,0,composite_resilience,Composite Resilience,joint_price_spread_depth_cost,recovery_steps_recovered_only,Recovery Steps,recovered_only,10,417.0,163.36598313126404,458.5,0.95,318.9,507.9025
Dealer Liquidity Crisis,with_amm,With AMM,1,composite_resilience,Composite Resilience,joint_price_spread_depth_cost,recovered_indicator,Recovered Indicator,all,300,0.02666666666666667,0.16137646493112862,0.0,0.95,0.01,0.04666666666666667
Dealer Liquidity Crisis,with_amm,With AMM,1,composite_resilience,Composite Resilience,joint_price_spread_depth_cost,time_observed_steps,Observed Time,all,300,37.663333333333334,65.71721614016325,28.0,0.95,30.866500000000002,45.17366666666666
Dealer Liquidity Crisis,with_amm,With AMM,1,composite_resilience,Composite Resilience,joint_price_spread_depth_cost,normalized_auc_abs,Normalized AUC,all,300,0.1483326091431301,0.03984616458145735,0.14041279150140162,0.95,0.14410265426807306,0.1532175052147318
Dealer Liquidity Crisis,with_amm,With AMM,1,composite_resilience,Composite Resilience,joint_price_spread_depth_cost,normalized_avg_impact,Normalized Average Impact,all,300,0.01323733163892582,0.058588954292492786,0.008060765724556787,0.95,0.006491837254048858,0.02017794964013063
Dealer Liquidity Crisis,with_amm,With AMM,1,composite_resilience,Composite Resilience,joint_price_spread_depth_cost,recovery_steps_recovered_only,Recovery Steps,recovered_only,8,408.625,138.66706015283,415.5,0.95,317.5,495.25312499999995
Dealer Liquidity Crisis,without_amm,Without AMM,0,composite_resilience,Composite Resilience,joint_price_spread_depth_cost,recovered_indicator,Recovered Indicator,all,300,0.03,0.17087224588772665,0.0,0.95,0.013333333333333334,0.05
Dealer Liquidity Crisis,without_amm,Without AMM,0,composite_resilience,Composite Resilience,joint_price_spread_depth_cost,time_observed_steps,Observed Time,all,300,36.59,56.431583758432204,29.0,0.95,31.025833333333335,43.527249999999995
Dealer Liquidity Crisis,without_amm,Without AMM,0,composite_resilience,Composite Resilience,joint_price_spread_depth_cost,normalized_auc_abs,Normalized AUC,all,300,0.15887022507597934,0.054459739472870826,0.14702857747410492,0.95,0.15312666327526472,0.16546986359518584
Dealer Liquidity Crisis,without_amm,Without AMM,0,composite_resilience,Composite Resilience,joint_price_spread_depth_cost,normalized_avg_impact,Normalized Average Impact,all,300,0.0024732970488935465,0.06050253416270644,-0.0017559758550398166,0.95,-0.004400012989927236,0.0091719660755502
Dealer Liquidity Crisis,without_amm,Without AMM,0,composite_resilience,Composite Resilience,joint_price_spread_depth_cost,recovery_steps_recovered_only,Recovery Steps,recovered_only,9,285.55555555555554,209.1794152821395,193.0,0.95,166.88888888888889,413.57222222222214
Funding Liquidity Shock,with_amm,With AMM,1,composite_resilience,Composite Resilience,joint_price_spread_depth_cost,recovered_indicator,Recovered Indicator,all,300,0.006666666666666667,0.08151300584956361,0.0,0.95,0.0,0.016666666666666666
Funding Liquidity Shock,with_amm,With AMM,1,composite_resilience,Composite Resilience,joint_price_spread_depth_cost,time_observed_steps,Observed Time,all,300,32.406666666666666,37.17905633087537,29.0,0.95,29.053250000000002,36.907666666666664
Funding Liquidity Shock,with_amm,With AMM,1,composite_resilience,Composite Resilience,joint_price_spread_depth_cost,normalized_auc_abs,Normalized AUC,all,300,0.23712176395130474,0.13243681948667543,0.20767292311601734,0.95,0.2232676435373142,0.25338697257451237
Funding Liquidity Shock,with_amm,With AMM,1,composite_resilience,Composite Resilience,joint_price_spread_depth_cost,normalized_avg_impact,Normalized Average Impact,all,300,-0.057207514502575996,0.21328954801631222,-0.07659198818138646,0.95,-0.08029153787490782,-0.032987554237122484
Funding Liquidity Shock,with_amm,With AMM,1,composite_resilience,Composite Resilience,joint_price_spread_depth_cost,recovery_steps_recovered_only,Recovery Steps,recovered_only,2,470.5,60.10407640085654,470.5,0.95,428.0,513.0
Funding Liquidity Shock,without_amm,Without AMM,0,composite_resilience,Composite Resilience,joint_price_spread_depth_cost,recovered_indicator,Recovered Indicator,all,300,0.043333333333333335,0.2039465687344377,0.0,0.95,0.02,0.06666666666666667
Funding Liquidity Shock,without_amm,Without AMM,0,composite_resilience,Composite Resilience,joint_price_spread_depth_cost,time_observed_steps,Observed Time,all,300,44.21,79.85911026075105,29.0,0.95,35.976416666666665,54.33033333333333
Funding Liquidity Shock,without_amm,Without AMM,0,composite_resilience,Composite Resilience,joint_price_spread_depth_cost,normalized_auc_abs,Normalized AUC,all,300,0.21331940684545414,0.08146982191647094,0.19779477963660283,0.95,0.20437685530470434,0.22243668036311534
Funding Liquidity Shock,without_amm,Without AMM,0,composite_resilience,Composite Resilience,joint_price_spread_depth_cost,normalized_avg_impact,Normalized Average Impact,all,300,-0.03045398764879435,0.17657928272857973,-0.027957377875207197,0.95,-0.05049177405819935,-0.009744260254483937
Funding Liquidity Shock,without_amm,Without AMM,0,composite_resilience,Composite Resilience,joint_price_spread_depth_cost,recovery_steps_recovered_only,Recovery Steps,recovered_only,13,376.61538461538464,180.1562000327949,426.0,0.95,279.36346153846154,468.4634615384615
High-Vol Stress,with_amm,With AMM,1,composite_resilience,Composite Resilience,joint_price_spread_depth_cost,recovered_indicator,Recovered Indicator,all,300,0.01,0.09966499068325334,0.0,0.95,0.0,0.023333333333333334
High-Vol Stress,with_amm,With AMM,1,composite_resilience,Composite Resilience,joint_price_spread_depth_cost,time_observed_steps,Observed Time,all,300,187.21666666666667,62.91749964379528,206.5,0.95,180.1099166666667,194.11141666666668
High-Vol Stress,with_amm,With AMM,1,composite_resilience,Composite Resilience,joint_price_spread_depth_cost,normalized_auc_abs,Normalized AUC,all,300,0.38693903062825813,0.10682060118220395,0.35939637993854895,0.95,0.3754561229280528,0.40013450815662754
High-Vol Stress,with_amm,With AMM,1,composite_resilience,Composite Resilience,joint_price_spread_depth_cost,normalized_avg_impact,Normalized Average Impact,all,300,-0.021705737360055995,0.19422192138696512,-0.01290757036447774,0.95,-0.04517437582741646,-0.0007145588550346807
High-Vol Stress,with_amm,With AMM,1,composite_resilience,Composite Resilience,joint_price_spread_depth_cost,recovery_steps_recovered_only,Recovery Steps,recovered_only,3,385.0,108.29127388668027,343.0,0.95,304.0,508.0
High-Vol Stress,without_amm,Without AMM,0,composite_resilience,Composite Resilience,joint_price_spread_depth_cost,recovered_indicator,Recovered Indicator,all,300,0.01,0.09966499068325334,0.0,0.95,0.0,0.023333333333333334
High-Vol Stress,without_amm,Without AMM,0,composite_resilience,Composite Resilience,joint_price_spread_depth_cost,time_observed_steps,Observed Time,all,300,177.32666666666665,68.24385712776257,205.0,0.95,169.36791666666667,184.87108333333333
High-Vol Stress,without_amm,Without AMM,0,composite_resilience,Composite Resilience,joint_price_spread_depth_cost,normalized_auc_abs,Normalized AUC,all,300,0.3469891279395332,0.10258386168520375,0.3300052126027815,0.95,0.33621744410138893,0.35932814435572913
High-Vol Stress,without_amm,Without AMM,0,composite_resilience,Composite Resilience,joint_price_spread_depth_cost,normalized_avg_impact,Normalized Average Impact,all,300,-0.01956815826135821,0.18185988456591756,-0.019435845881065304,0.95,-0.04067488789258058,0.0008922144738102961
High-Vol Stress,without_amm,Without AMM,0,composite_resilience,Composite Resilience,joint_price_spread_depth_cost,recovery_steps_recovered_only,Recovery Steps,recovered_only,3,337.3333333333333,177.31704185817372,240.0,0.95,230.0,542.0
