research_question,scenario_key,scenario_label,structure_key,structure_label,amm_enabled,metric_name,metric_label,n_used,mean,std,median,ci_level,ci_lo,ci_hi
RQ1,default,Default,with_amm,With AMM,1,n_trades,Total Trades,300,8927.55,162.16691357836152,8913.5,0.95,8909.726583333335,8945.523666666668
RQ1,default,Default,with_amm,With AMM,1,avg_clob_spread_bps,Average CLOB Spread,300,3.604143084602656,0.5493877183211493,3.646239129377528,0.95,3.539133323635728,3.6658799448753085
RQ1,default,Default,with_amm,With AMM,1,avg_clob_depth,Average CLOB Depth,300,597.4389505308316,82.52600595768071,589.5382309983895,0.95,588.5640790929224,607.1251564735953
RQ1,default,Default,with_amm,With AMM,1,avg_systemic_liquidity,Average Systemic Liquidity,300,0.9670677843236899,0.00012415336973733247,0.9670592683841365,0.95,0.9670543403911166,0.9670815300804476
RQ1,default,Default,with_amm,With AMM,1,avg_realized_volatility,Average Realized Volatility,300,0.0011595808703016896,9.689267794264604e-05,0.001157495778608626,0.95,0.0011484162389873247,0.0011706800581130243
RQ1,default,Default,with_amm,With AMM,1,tail_realized_volatility,Tail Realized Volatility,300,0.0010818846854899222,0.00018006900710697328,0.0010959578876843208,0.95,0.0010622093417352696,0.0011012941088052535
RQ1,default,Default,with_amm,With AMM,1,avg_cost_clob_q5,Average CLOB Cost Q=5,300,2.0188780848903085,0.3137525380394712,2.0434765430276594,0.95,1.9852676751392417,2.0570319848003273
RQ1,default,Default,with_amm,With AMM,1,avg_flow_share_amm_total,Average AMM Flow Share,300,0.22338837485614657,0.02073940541142984,0.22723673511843384,0.95,0.22102112962653325,0.22571135608528337
RQ1,default,Default,with_amm,With AMM,1,price_recovery_steps,Price Recovery Steps,0,nan,nan,nan,0.95,nan,nan
RQ1,default,Default,with_amm,With AMM,1,spread_recovery_steps,Spread Recovery Steps,0,nan,nan,nan,0.95,nan,nan
RQ1,default,Default,with_amm,With AMM,1,depth_recovery_steps,Depth Recovery Steps,0,nan,nan,nan,0.95,nan,nan
RQ1,default,Default,with_amm,With AMM,1,liquidity_composite_recovery_steps,Liquidity Composite Recovery Steps,0,nan,nan,nan,0.95,nan,nan
RQ1,default,Default,with_amm,With AMM,1,liquidity_composite_recovered,Liquidity Composite Recovered,0,nan,nan,nan,0.95,nan,nan
RQ2,default,Default,with_amm,With AMM,1,post_shock_avg_clob_spread_bps,Post-shock CLOB Spread,0,nan,nan,nan,0.95,nan,nan
RQ2,default,Default,with_amm,With AMM,1,post_shock_avg_clob_depth,Post-shock CLOB Depth,0,nan,nan,nan,0.95,nan,nan
RQ2,default,Default,with_amm,With AMM,1,post_shock_avg_systemic_liquidity,Post-shock Systemic Liquidity,0,nan,nan,nan,0.95,nan,nan
RQ2,default,Default,with_amm,With AMM,1,post_shock_avg_realized_volatility,Post-shock Realized Volatility,0,nan,nan,nan,0.95,nan,nan
RQ2,default,Default,with_amm,With AMM,1,post_shock_mm_share_withdrawn,Post-shock MM Withdrawn Share,0,nan,nan,nan,0.95,nan,nan
RQ2,default,Default,with_amm,With AMM,1,post_shock_mm_withdrawal_score,Post-shock MM Withdrawal Score,0,nan,nan,nan,0.95,nan,nan
RQ2,default,Default,with_amm,With AMM,1,avg_mm_share_withdrawn,Average MM Withdrawn Share,300,0.0,0.0,0.0,0.95,0.0,0.0
RQ2,default,Default,with_amm,With AMM,1,avg_mm_withdrawal_score,Average MM Withdrawal Score,300,0.570192999107047,0.04779541516148713,0.5627725377034647,0.95,0.5650580018164643,0.5757287063999752
RQ1,default,Default,without_amm,Without AMM,0,n_trades,Total Trades,300,8989.576666666666,159.27071710344111,8998.5,0.95,8971.298083333333,9007.353666666666
RQ1,default,Default,without_amm,Without AMM,0,avg_clob_spread_bps,Average CLOB Spread,300,3.771127693272233,0.641820307245432,3.7664768543622973,0.95,3.6996800930142437,3.8449748423392505
RQ1,default,Default,without_amm,Without AMM,0,avg_clob_depth,Average CLOB Depth,300,620.8023818284619,80.31945265712123,617.7944224577416,0.95,611.8656111450142,630.2654435021271
RQ1,default,Default,without_amm,Without AMM,0,avg_systemic_liquidity,Average Systemic Liquidity,300,0.9670778186630173,0.0001135173251025811,0.9670793577884441,0.95,0.9670649726649407,0.9670906078029272
RQ1,default,Default,without_amm,Without AMM,0,avg_realized_volatility,Average Realized Volatility,300,0.0010755602941710076,8.146577143807396e-05,0.0010655650295208607,0.95,0.0010661905371978702,0.001084646988691302
RQ1,default,Default,without_amm,Without AMM,0,tail_realized_volatility,Tail Realized Volatility,300,0.0010256960254145975,0.00011126237341504192,0.0010126703348916494,0.95,0.001013829889580132,0.0010381914179042149
RQ1,default,Default,without_amm,Without AMM,0,avg_cost_clob_q5,Average CLOB Cost Q=5,300,2.0538552152053318,0.3477370853260391,2.0495312595342248,0.95,2.015078731917046,2.0943142768854237
RQ1,default,Default,without_amm,Without AMM,0,avg_flow_share_amm_total,Average AMM Flow Share,300,0.0,0.0,0.0,0.95,0.0,0.0
RQ1,default,Default,without_amm,Without AMM,0,price_recovery_steps,Price Recovery Steps,0,nan,nan,nan,0.95,nan,nan
RQ1,default,Default,without_amm,Without AMM,0,spread_recovery_steps,Spread Recovery Steps,0,nan,nan,nan,0.95,nan,nan
RQ1,default,Default,without_amm,Without AMM,0,depth_recovery_steps,Depth Recovery Steps,0,nan,nan,nan,0.95,nan,nan
RQ1,default,Default,without_amm,Without AMM,0,liquidity_composite_recovery_steps,Liquidity Composite Recovery Steps,0,nan,nan,nan,0.95,nan,nan
RQ1,default,Default,without_amm,Without AMM,0,liquidity_composite_recovered,Liquidity Composite Recovered,0,nan,nan,nan,0.95,nan,nan
RQ2,default,Default,without_amm,Without AMM,0,post_shock_avg_clob_spread_bps,Post-shock CLOB Spread,0,nan,nan,nan,0.95,nan,nan
RQ2,default,Default,without_amm,Without AMM,0,post_shock_avg_clob_depth,Post-shock CLOB Depth,0,nan,nan,nan,0.95,nan,nan
RQ2,default,Default,without_amm,Without AMM,0,post_shock_avg_systemic_liquidity,Post-shock Systemic Liquidity,0,nan,nan,nan,0.95,nan,nan
RQ2,default,Default,without_amm,Without AMM,0,post_shock_avg_realized_volatility,Post-shock Realized Volatility,0,nan,nan,nan,0.95,nan,nan
RQ2,default,Default,without_amm,Without AMM,0,post_shock_mm_share_withdrawn,Post-shock MM Withdrawn Share,0,nan,nan,nan,0.95,nan,nan
RQ2,default,Default,without_amm,Without AMM,0,post_shock_mm_withdrawal_score,Post-shock MM Withdrawal Score,0,nan,nan,nan,0.95,nan,nan
RQ2,default,Default,without_amm,Without AMM,0,avg_mm_share_withdrawn,Average MM Withdrawn Share,300,0.0,0.0,0.0,0.95,0.0,0.0
RQ2,default,Default,without_amm,Without AMM,0,avg_mm_withdrawal_score,Average MM Withdrawal Score,300,0.5178522068636296,0.047213328639965475,0.511689566924699,0.95,0.5126867759067327,0.5232285487952494
RQ1,mm_withdrawal,MM Withdrawal,with_amm,With AMM,1,n_trades,Total Trades,300,9139.18,157.23956840728638,9141.0,0.95,9121.303916666668,9157.874166666666
RQ1,mm_withdrawal,MM Withdrawal,with_amm,With AMM,1,avg_clob_spread_bps,Average CLOB Spread,300,3.414238291863671,0.5755105545804287,3.4296753397854713,0.95,3.3494702921701447,3.4785854277720984
RQ1,mm_withdrawal,MM Withdrawal,with_amm,With AMM,1,avg_clob_depth,Average CLOB Depth,300,595.5704873560728,82.81725418066036,601.1056952270901,0.95,585.8319186602208,604.7489886571444
RQ1,mm_withdrawal,MM Withdrawal,with_amm,With AMM,1,avg_systemic_liquidity,Average Systemic Liquidity,300,0.9604626387609612,0.0004330606461818203,0.960488640376062,0.95,0.9604160622100446,0.9605101575621643
RQ1,mm_withdrawal,MM Withdrawal,with_amm,With AMM,1,avg_realized_volatility,Average Realized Volatility,300,0.0010019842660314215,8.751924087711575e-05,0.000991878904097891,0.95,0.0009925355082481637,0.0010113383077734303
RQ1,mm_withdrawal,MM Withdrawal,with_amm,With AMM,1,tail_realized_volatility,Tail Realized Volatility,300,0.00091625163648498,0.0001352130818362584,0.0009081796363356705,0.95,0.0009002506921266413,0.0009313096878608471
RQ1,mm_withdrawal,MM Withdrawal,with_amm,With AMM,1,avg_cost_clob_q5,Average CLOB Cost Q=5,300,1.8959570549189926,0.311946912462224,1.9005857373175377,0.95,1.8611208456253676,1.931124095146392
RQ1,mm_withdrawal,MM Withdrawal,with_amm,With AMM,1,avg_flow_share_amm_total,Average AMM Flow Share,300,0.20062996737504163,0.016846321162423707,0.20278251764063052,0.95,0.19865300240123862,0.20247017035248366
RQ1,mm_withdrawal,MM Withdrawal,with_amm,With AMM,1,price_recovery_steps,Price Recovery Steps,212,163.99056603773585,143.27820650867176,103.5,0.95,145.55931603773587,183.3680424528302
RQ1,mm_withdrawal,MM Withdrawal,with_amm,With AMM,1,spread_recovery_steps,Spread Recovery Steps,16,218.9375,154.55332143524663,192.0,0.95,146.925,294.5625
RQ1,mm_withdrawal,MM Withdrawal,with_amm,With AMM,1,depth_recovery_steps,Depth Recovery Steps,300,11.173333333333334,7.00381803822726,10.0,0.95,10.356666666666667,11.95675
RQ1,mm_withdrawal,MM Withdrawal,with_amm,With AMM,1,liquidity_composite_recovery_steps,Liquidity Composite Recovery Steps,16,218.9375,154.55332143524663,192.0,0.95,147.1203125,294.875
RQ1,mm_withdrawal,MM Withdrawal,with_amm,With AMM,1,liquidity_composite_recovered,Liquidity Composite Recovered,300,0.05333333333333334,0.2250727616773127,0.0,0.95,0.03,0.08
RQ2,mm_withdrawal,MM Withdrawal,with_amm,With AMM,1,post_shock_avg_clob_spread_bps,Post-shock CLOB Spread,300,3.561931246239152,0.5485448716020321,3.6330918550133826,0.95,3.49840124451042,3.622914409099147
RQ2,mm_withdrawal,MM Withdrawal,with_amm,With AMM,1,post_shock_avg_clob_depth,Post-shock CLOB Depth,300,557.8958016958953,83.55278110664156,557.8447069955619,0.95,548.4376189472316,567.8459383785895
RQ2,mm_withdrawal,MM Withdrawal,with_amm,With AMM,1,post_shock_avg_systemic_liquidity,Post-shock Systemic Liquidity,300,0.9562662794509663,0.0006941466719269458,0.9563189991164913,0.95,0.9561910334303174,0.9563474054696327
RQ2,mm_withdrawal,MM Withdrawal,with_amm,With AMM,1,post_shock_avg_realized_volatility,Post-shock Realized Volatility,300,0.0009694001767710407,8.986141360651827e-05,0.0009623986398836445,0.95,0.0009592256643756193,0.0009795784921737753
RQ2,mm_withdrawal,MM Withdrawal,with_amm,With AMM,1,post_shock_mm_share_withdrawn,Post-shock MM Withdrawn Share,300,0.00613939393939394,0.00724488183073245,0.004545454545454545,0.95,0.005354469696969697,0.0069637121212121214
RQ2,mm_withdrawal,MM Withdrawal,with_amm,With AMM,1,post_shock_mm_withdrawal_score,Post-shock MM Withdrawal Score,300,0.6495091401254238,0.07036721916926372,0.6348905379031959,0.95,0.641707346202073,0.6573085622374658
RQ2,mm_withdrawal,MM Withdrawal,with_amm,With AMM,1,avg_mm_share_withdrawn,Average MM Withdrawn Share,300,0.003751851851851852,0.004427427785447608,0.002777777777777778,0.95,0.003262962962962963,0.004263009259259258
RQ2,mm_withdrawal,MM Withdrawal,with_amm,With AMM,1,avg_mm_withdrawal_score,Average MM Withdrawal Score,300,0.6030517611471053,0.057681274364459426,0.5933640930321125,0.95,0.5967323068436143,0.6096822077134133
RQ1,mm_withdrawal,MM Withdrawal,without_amm,Without AMM,0,n_trades,Total Trades,300,9015.873333333333,146.67915052778997,9028.5,0.95,9000.078166666666,9032.4445
RQ1,mm_withdrawal,MM Withdrawal,without_amm,Without AMM,0,avg_clob_spread_bps,Average CLOB Spread,300,3.861505711708134,0.5875259100250302,3.8497353642905816,0.95,3.7948427656584407,3.928563318359373
RQ1,mm_withdrawal,MM Withdrawal,without_amm,Without AMM,0,avg_clob_depth,Average CLOB Depth,300,615.5605594228864,77.60088435514129,614.6261491350322,0.95,607.055451533953,624.1417776838064
RQ1,mm_withdrawal,MM Withdrawal,without_amm,Without AMM,0,avg_systemic_liquidity,Average Systemic Liquidity,300,0.9605348404350371,0.0004446594277575927,0.9605843561442083,0.95,0.9604805287413559,0.9605837634896222
RQ1,mm_withdrawal,MM Withdrawal,without_amm,Without AMM,0,avg_realized_volatility,Average Realized Volatility,300,0.0010907051832861052,7.9202379219234e-05,0.001088150070461986,0.95,0.0010816958825816665,0.0010996536814504938
RQ1,mm_withdrawal,MM Withdrawal,without_amm,Without AMM,0,tail_realized_volatility,Tail Realized Volatility,300,0.0010183040627705935,0.00011222602932652989,0.001008082858531852,0.95,0.0010059282352232282,0.0010310219942910807
RQ1,mm_withdrawal,MM Withdrawal,without_amm,Without AMM,0,avg_cost_clob_q5,Average CLOB Cost Q=5,300,2.1029745256242247,0.31894956491795573,2.0934988851322442,0.95,2.067636623532162,2.1378553556431417
RQ1,mm_withdrawal,MM Withdrawal,without_amm,Without AMM,0,avg_flow_share_amm_total,Average AMM Flow Share,300,0.0,0.0,0.0,0.95,0.0,0.0
RQ1,mm_withdrawal,MM Withdrawal,without_amm,Without AMM,0,price_recovery_steps,Price Recovery Steps,208,150.79807692307693,130.3103600945632,106.0,0.95,133.38209134615386,169.35661057692306
RQ1,mm_withdrawal,MM Withdrawal,without_amm,Without AMM,0,spread_recovery_steps,Spread Recovery Steps,22,274.40909090909093,154.5437706809209,300.5,0.95,213.40454545454546,336.2454545454545
RQ1,mm_withdrawal,MM Withdrawal,without_amm,Without AMM,0,depth_recovery_steps,Depth Recovery Steps,300,11.486666666666666,7.221054932395807,10.0,0.95,10.64325,12.313416666666665
RQ1,mm_withdrawal,MM Withdrawal,without_amm,Without AMM,0,liquidity_composite_recovery_steps,Liquidity Composite Recovery Steps,22,274.40909090909093,154.5437706809209,300.5,0.95,209.54431818181817,340.4636363636363
RQ1,mm_withdrawal,MM Withdrawal,without_amm,Without AMM,0,liquidity_composite_recovered,Liquidity Composite Recovered,300,0.07333333333333333,0.26111842459139595,0.0,0.95,0.043333333333333335,0.10333333333333333
RQ2,mm_withdrawal,MM Withdrawal,without_amm,Without AMM,0,post_shock_avg_clob_spread_bps,Post-shock CLOB Spread,300,4.066169013894197,0.6259144870312023,4.1448597464510275,0.95,3.996908856137421,4.134101336143569
RQ2,mm_withdrawal,MM Withdrawal,without_amm,Without AMM,0,post_shock_avg_clob_depth,Post-shock CLOB Depth,300,571.51356808864,82.30546965934285,566.1776189745208,0.95,562.618759743528,580.879573052774
RQ2,mm_withdrawal,MM Withdrawal,without_amm,Without AMM,0,post_shock_avg_systemic_liquidity,Post-shock Systemic Liquidity,300,0.9563725680336298,0.0006980187809354282,0.9564355368942032,0.95,0.9562908888355189,0.9564484950003073
RQ2,mm_withdrawal,MM Withdrawal,without_amm,Without AMM,0,post_shock_avg_realized_volatility,Post-shock Realized Volatility,300,0.001065650271854416,7.170042191114824e-05,0.0010633898553073682,0.95,0.0010572276195713862,0.0010738302370453634
RQ2,mm_withdrawal,MM Withdrawal,without_amm,Without AMM,0,post_shock_mm_share_withdrawn,Post-shock MM Withdrawn Share,300,0.005548484848484849,0.0066130167104448195,0.004545454545454545,0.95,0.004781818181818182,0.006342424242424242
RQ2,mm_withdrawal,MM Withdrawal,without_amm,Without AMM,0,post_shock_mm_withdrawal_score,Post-shock MM Withdrawal Score,300,0.61529544707023,0.08893677543831505,0.5917104926489434,0.95,0.6056566160414533,0.6250207427653465
RQ2,mm_withdrawal,MM Withdrawal,without_amm,Without AMM,0,avg_mm_share_withdrawn,Average MM Withdrawn Share,300,0.003390740740740741,0.004041287989716279,0.002777777777777778,0.95,0.0029276851851851855,0.0038370833333333334
RQ2,mm_withdrawal,MM Withdrawal,without_amm,Without AMM,0,avg_mm_withdrawal_score,Average MM Withdrawal Score,300,0.558992498032011,0.06713772777983183,0.5447543968490238,0.95,0.5514429980675701,0.5666141849342425
RQ1,flash_crash,Flash Crash,with_amm,With AMM,1,n_trades,Total Trades,300,9120.503333333334,164.285938394219,9117.0,0.95,9101.637166666666,9139.2525
RQ1,flash_crash,Flash Crash,with_amm,With AMM,1,avg_clob_spread_bps,Average CLOB Spread,300,3.3267213735001055,0.48590924642062544,3.3129620520961813,0.95,3.2721090693933235,3.3783861142586846
RQ1,flash_crash,Flash Crash,with_amm,With AMM,1,avg_clob_depth,Average CLOB Depth,300,630.9846625879285,80.78387552327148,635.2694968876074,0.95,621.9088318403848,639.9330855972049
RQ1,flash_crash,Flash Crash,with_amm,With AMM,1,avg_systemic_liquidity,Average Systemic Liquidity,300,0.9581211167402015,0.0005828052291903195,0.95820097442638,0.95,0.9580560940411732,0.9581854048130471
RQ1,flash_crash,Flash Crash,with_amm,With AMM,1,avg_realized_volatility,Average Realized Volatility,300,0.0010890354710704926,0.00012455517881394107,0.0010752718893160822,0.95,0.001075451445650569,0.0011027795296934923
RQ1,flash_crash,Flash Crash,with_amm,With AMM,1,tail_realized_volatility,Tail Realized Volatility,300,0.0009434201541773809,0.00014004656606784584,0.000948753099715813,0.95,0.0009266236111987082,0.0009591428622361187
RQ1,flash_crash,Flash Crash,with_amm,With AMM,1,avg_cost_clob_q5,Average CLOB Cost Q=5,300,1.85426762770089,0.2745740977861919,1.8402900021359292,0.95,1.8247599190760129,1.885595219802034
RQ1,flash_crash,Flash Crash,with_amm,With AMM,1,avg_flow_share_amm_total,Average AMM Flow Share,300,0.20176136174464782,0.016683547123086225,0.20424425178039785,0.95,0.19971908833929797,0.20350349232739298
RQ1,flash_crash,Flash Crash,with_amm,With AMM,1,price_recovery_steps,Price Recovery Steps,243,121.54320987654322,111.81149825362432,76.0,0.95,107.93683127572018,135.49506172839506
RQ1,flash_crash,Flash Crash,with_amm,With AMM,1,spread_recovery_steps,Spread Recovery Steps,6,266.6666666666667,132.4200387655383,247.0,0.95,170.33333333333334,357.0
RQ1,flash_crash,Flash Crash,with_amm,With AMM,1,depth_recovery_steps,Depth Recovery Steps,300,16.34,7.348769605567933,15.0,0.95,15.529916666666667,17.180083333333332
RQ1,flash_crash,Flash Crash,with_amm,With AMM,1,liquidity_composite_recovery_steps,Liquidity Composite Recovery Steps,6,266.6666666666667,132.4200387655383,247.0,0.95,170.33333333333334,356.6666666666667
RQ1,flash_crash,Flash Crash,with_amm,With AMM,1,liquidity_composite_recovered,Liquidity Composite Recovered,300,0.02,0.1402339182917773,0.0,0.95,0.006666666666666667,0.03666666666666667
RQ2,flash_crash,Flash Crash,with_amm,With AMM,1,post_shock_avg_clob_spread_bps,Post-shock CLOB Spread,300,3.5099757678371755,0.5552765380156657,3.529665204457169,0.95,3.4501888465907915,3.5712425420710425
RQ2,flash_crash,Flash Crash,with_amm,With AMM,1,post_shock_avg_clob_depth,Post-shock CLOB Depth,300,587.971849574885,90.12535059323595,592.6381297737124,0.95,577.708185259605,598.1331811019514
RQ2,flash_crash,Flash Crash,with_amm,With AMM,1,post_shock_avg_systemic_liquidity,Post-shock Systemic Liquidity,300,0.9524372179174189,0.0009358092206920066,0.9525418858497801,0.95,0.952337246214955,0.9525399668709384
RQ2,flash_crash,Flash Crash,with_amm,With AMM,1,post_shock_avg_realized_volatility,Post-shock Realized Volatility,300,0.001085375347873971,0.00017374167906433207,0.0010592175349625897,0.95,0.0010665382237020028,0.0011056335651266017
RQ2,flash_crash,Flash Crash,with_amm,With AMM,1,post_shock_mm_share_withdrawn,Post-shock MM Withdrawn Share,300,0.010566666666666667,0.006839570519151349,0.00909090909090909,0.95,0.009827272727272728,0.011336515151515151
RQ2,flash_crash,Flash Crash,with_amm,With AMM,1,post_shock_mm_withdrawal_score,Post-shock MM Withdrawal Score,300,0.6361430512623638,0.06407246825913782,0.629604535967445,0.95,0.6292305023255303,0.6431454841947596
RQ2,flash_crash,Flash Crash,with_amm,With AMM,1,avg_mm_share_withdrawn,Average MM Withdrawn Share,300,0.006457407407407407,0.00417973753948138,0.005555555555555556,0.95,0.005992546296296295,0.006914907407407406
RQ2,flash_crash,Flash Crash,with_amm,With AMM,1,avg_mm_withdrawal_score,Average MM Withdrawal Score,300,0.5859937461792745,0.05092644621144776,0.5813295597708547,0.95,0.5802068526254354,0.591764491885489
RQ1,flash_crash,Flash Crash,without_amm,Without AMM,0,n_trades,Total Trades,300,9036.09,147.4779340674031,9031.0,0.95,9019.40625,9052.8805
RQ1,flash_crash,Flash Crash,without_amm,Without AMM,0,avg_clob_spread_bps,Average CLOB Spread,300,3.831327215422425,0.5548834525347645,3.8239138850696213,0.95,3.7707922803297245,3.8918732596768453
RQ1,flash_crash,Flash Crash,without_amm,Without AMM,0,avg_clob_depth,Average CLOB Depth,300,617.8834136169708,76.53012154961516,612.7542265127493,0.95,609.399617703244,626.1711228039244
RQ1,flash_crash,Flash Crash,without_amm,Without AMM,0,avg_systemic_liquidity,Average Systemic Liquidity,300,0.9583364674448773,0.00047187359493184775,0.958343722465629,0.95,0.9582834353290438,0.9583903074856182
RQ1,flash_crash,Flash Crash,without_amm,Without AMM,0,avg_realized_volatility,Average Realized Volatility,300,0.0011444294462563424,8.923028181562861e-05,0.0011317386679193342,0.95,0.0011346325372205985,0.001153692431775865
RQ1,flash_crash,Flash Crash,without_amm,Without AMM,0,tail_realized_volatility,Tail Realized Volatility,300,0.0010350677320062366,0.00012081201411654358,0.0010294439667648068,0.95,0.001020899924067405,0.0010481591654117946
RQ1,flash_crash,Flash Crash,without_amm,Without AMM,0,avg_cost_clob_q5,Average CLOB Cost Q=5,300,2.0867427207954847,0.3000961696798898,2.081600026761138,0.95,2.0540798627071086,2.1225204696224638
RQ1,flash_crash,Flash Crash,without_amm,Without AMM,0,avg_flow_share_amm_total,Average AMM Flow Share,300,0.0,0.0,0.0,0.95,0.0,0.0
RQ1,flash_crash,Flash Crash,without_amm,Without AMM,0,price_recovery_steps,Price Recovery Steps,261,116.72413793103448,115.9976481514079,71.0,0.95,102.79875478927204,130.7295977011494
RQ1,flash_crash,Flash Crash,without_amm,Without AMM,0,spread_recovery_steps,Spread Recovery Steps,13,273.53846153846155,151.949342098288,232.0,0.95,194.99807692307692,357.70192307692304
RQ1,flash_crash,Flash Crash,without_amm,Without AMM,0,depth_recovery_steps,Depth Recovery Steps,299,16.13377926421405,6.842584981297637,15.0,0.95,15.381020066889633,16.90660535117057
RQ1,flash_crash,Flash Crash,without_amm,Without AMM,0,liquidity_composite_recovery_steps,Liquidity Composite Recovery Steps,13,273.53846153846155,151.949342098288,232.0,0.95,194.3019230769231,354.625
RQ1,flash_crash,Flash Crash,without_amm,Without AMM,0,liquidity_composite_recovered,Liquidity Composite Recovered,300,0.043333333333333335,0.20394656873443773,0.0,0.95,0.02,0.06666666666666667
RQ2,flash_crash,Flash Crash,without_amm,Without AMM,0,post_shock_avg_clob_spread_bps,Post-shock CLOB Spread,300,4.018921124369594,0.6491010801510342,4.0196059781863775,0.95,3.949511042316296,4.092002919763963
RQ2,flash_crash,Flash Crash,without_amm,Without AMM,0,post_shock_avg_clob_depth,Post-shock CLOB Depth,300,575.7444741834574,88.16105843429962,570.5611398654712,0.95,565.3656072152057,585.6138578719153
RQ2,flash_crash,Flash Crash,without_amm,Without AMM,0,post_shock_avg_systemic_liquidity,Post-shock Systemic Liquidity,300,0.9527794978886857,0.0007616564659309418,0.9528156735628976,0.95,0.9526979921723538,0.9528626496761297
RQ2,flash_crash,Flash Crash,without_amm,Without AMM,0,post_shock_avg_realized_volatility,Post-shock Realized Volatility,300,0.0011525626517915378,0.0001094713349276143,0.0011365388089502235,0.95,0.0011409316983973306,0.0011646555461688583
RQ2,flash_crash,Flash Crash,without_amm,Without AMM,0,post_shock_mm_share_withdrawn,Post-shock MM Withdrawn Share,300,0.009566666666666668,0.006847728957514425,0.008181818181818182,0.95,0.008805984848484848,0.01035159090909091
RQ2,flash_crash,Flash Crash,without_amm,Without AMM,0,post_shock_mm_withdrawal_score,Post-shock MM Withdrawal Score,300,0.6061318143150807,0.07170527710717162,0.5929642639151582,0.95,0.5980143626460018,0.6148230519226606
RQ2,flash_crash,Flash Crash,without_amm,Without AMM,0,avg_mm_share_withdrawn,Average MM Withdrawn Share,300,0.005846296296296296,0.004184723251814371,0.005,0.95,0.0053795833333333334,0.006331574074074074
RQ2,flash_crash,Flash Crash,without_amm,Without AMM,0,avg_mm_withdrawal_score,Average MM Withdrawal Score,300,0.5504529488734456,0.0546839800902155,0.5429188267279581,0.95,0.5443602555221845,0.557187032312521
RQ1,dealer_liquidity_crisis,Dealer Liquidity Crisis,with_amm,With AMM,1,n_trades,Total Trades,300,9138.136666666667,168.02209000999434,9128.0,0.95,9118.763250000002,9157.264500000001
RQ1,dealer_liquidity_crisis,Dealer Liquidity Crisis,with_amm,With AMM,1,avg_clob_spread_bps,Average CLOB Spread,300,3.4738668348281774,0.435922732085081,3.5029509691738268,0.95,3.4257172958866233,3.5236857706114395
RQ1,dealer_liquidity_crisis,Dealer Liquidity Crisis,with_amm,With AMM,1,avg_clob_depth,Average CLOB Depth,300,589.4974080222424,75.22002028475893,592.2389009506646,0.95,581.0328994974025,598.1283332009268
RQ1,dealer_liquidity_crisis,Dealer Liquidity Crisis,with_amm,With AMM,1,avg_systemic_liquidity,Average Systemic Liquidity,300,0.943313389950654,0.002072434639981593,0.9434627848313606,0.95,0.9430761630975455,0.9435543359040527
RQ1,dealer_liquidity_crisis,Dealer Liquidity Crisis,with_amm,With AMM,1,avg_realized_volatility,Average Realized Volatility,300,0.0010269076674013341,9.45846799110093e-05,0.0010258814078699112,0.95,0.0010164179257830931,0.0010379190813707903
RQ1,dealer_liquidity_crisis,Dealer Liquidity Crisis,with_amm,With AMM,1,tail_realized_volatility,Tail Realized Volatility,300,0.0009009236390590005,0.00013876696961829073,0.0008979405630559879,0.95,0.0008844012996646246,0.000915845540460267
RQ1,dealer_liquidity_crisis,Dealer Liquidity Crisis,with_amm,With AMM,1,avg_cost_clob_q5,Average CLOB Cost Q=5,300,1.9279637546379482,0.24529038889881222,1.9513415784416532,0.95,1.9012569548146092,1.9553468189702619
RQ1,dealer_liquidity_crisis,Dealer Liquidity Crisis,with_amm,With AMM,1,avg_flow_share_amm_total,Average AMM Flow Share,300,0.1960070978393395,0.015443037640636632,0.19803526734846616,0.95,0.19428734494746847,0.19764398322628793
RQ1,dealer_liquidity_crisis,Dealer Liquidity Crisis,with_amm,With AMM,1,price_recovery_steps,Price Recovery Steps,299,49.40468227424749,55.986876261970615,36.0,0.95,43.65175585284281,56.62901337792642
RQ1,dealer_liquidity_crisis,Dealer Liquidity Crisis,with_amm,With AMM,1,spread_recovery_steps,Spread Recovery Steps,18,306.0,145.9782417308262,328.0,0.95,240.54166666666669,371.72222222222223
RQ1,dealer_liquidity_crisis,Dealer Liquidity Crisis,with_amm,With AMM,1,depth_recovery_steps,Depth Recovery Steps,300,31.536666666666665,8.653994895290534,31.0,0.95,30.59991666666667,32.55016666666666
RQ1,dealer_liquidity_crisis,Dealer Liquidity Crisis,with_amm,With AMM,1,liquidity_composite_recovery_steps,Liquidity Composite Recovery Steps,18,306.0,145.9782417308262,328.0,0.95,244.775,370.95416666666665
RQ1,dealer_liquidity_crisis,Dealer Liquidity Crisis,with_amm,With AMM,1,liquidity_composite_recovered,Liquidity Composite Recovered,300,0.06,0.23788364542889828,0.0,0.95,0.03666666666666667,0.08666666666666667
RQ2,dealer_liquidity_crisis,Dealer Liquidity Crisis,with_amm,With AMM,1,post_shock_avg_clob_spread_bps,Post-shock CLOB Spread,300,3.7005902325590894,0.4785542908674674,3.744307724515834,0.95,3.647023317433788,3.7559438419438367
RQ2,dealer_liquidity_crisis,Dealer Liquidity Crisis,with_amm,With AMM,1,post_shock_avg_clob_depth,Post-shock CLOB Depth,300,547.53125835799,77.57516215809171,548.1253738602845,0.95,538.8771955031741,556.5389675290218
RQ2,dealer_liquidity_crisis,Dealer Liquidity Crisis,with_amm,With AMM,1,post_shock_avg_systemic_liquidity,Post-shock Systemic Liquidity,300,0.9282009945227178,0.0033850605927597107,0.9285459333628843,0.95,0.9278069693481675,0.9285752653661482
RQ2,dealer_liquidity_crisis,Dealer Liquidity Crisis,with_amm,With AMM,1,post_shock_avg_realized_volatility,Post-shock Realized Volatility,300,0.0010271992820164674,0.00011776039251977495,0.0010188217116158527,0.95,0.0010136682950136037,0.0010405485028152689
RQ2,dealer_liquidity_crisis,Dealer Liquidity Crisis,with_amm,With AMM,1,post_shock_mm_share_withdrawn,Post-shock MM Withdrawn Share,300,0.035139393939393936,0.029301172076500778,0.03272727272727273,0.95,0.032648257575757574,0.03905204545454545
RQ2,dealer_liquidity_crisis,Dealer Liquidity Crisis,with_amm,With AMM,1,post_shock_mm_withdrawal_score,Post-shock MM Withdrawal Score,300,0.702694027525062,0.09592404566730829,0.6838570715257872,0.95,0.6923974987511156,0.7139726210911546
RQ2,dealer_liquidity_crisis,Dealer Liquidity Crisis,with_amm,With AMM,1,avg_mm_share_withdrawn,Average MM Withdrawn Share,300,0.021474074074074073,0.017906271824528253,0.02,0.95,0.020005509259259258,0.02388333333333333
RQ2,dealer_liquidity_crisis,Dealer Liquidity Crisis,with_amm,With AMM,1,avg_mm_withdrawal_score,Average MM Withdrawal Score,300,0.6297234761941116,0.06760125019100352,0.618252832477435,0.95,0.6222555539627745,0.6378017989569263
RQ1,dealer_liquidity_crisis,Dealer Liquidity Crisis,without_amm,Without AMM,0,n_trades,Total Trades,300,9006.99,151.23846560402836,9003.0,0.95,8989.423083333335,9023.4735
RQ1,dealer_liquidity_crisis,Dealer Liquidity Crisis,without_amm,Without AMM,0,avg_clob_spread_bps,Average CLOB Spread,300,3.9916114264414766,0.5665893205505346,4.0039856289537745,0.95,3.925197301391036,4.0559524074316915
RQ1,dealer_liquidity_crisis,Dealer Liquidity Crisis,without_amm,Without AMM,0,avg_clob_depth,Average CLOB Depth,300,606.7618091540554,74.02127269889326,603.3139166452813,0.95,598.2750629374424,615.1051313213638
RQ1,dealer_liquidity_crisis,Dealer Liquidity Crisis,without_amm,Without AMM,0,avg_systemic_liquidity,Average Systemic Liquidity,300,0.9433485277336146,0.0018351539047015693,0.9433054710393928,0.95,0.943142982706457,0.9435512197956236
RQ1,dealer_liquidity_crisis,Dealer Liquidity Crisis,without_amm,Without AMM,0,avg_realized_volatility,Average Realized Volatility,300,0.0011764271127123035,9.541426540431467e-05,0.0011681996944883088,0.95,0.001165334221389979,0.0011872968001569039
RQ1,dealer_liquidity_crisis,Dealer Liquidity Crisis,without_amm,Without AMM,0,tail_realized_volatility,Tail Realized Volatility,300,0.001019010696800197,0.00012008378772644211,0.0010044733903467641,0.95,0.0010053015857026534,0.0010330330749331465
RQ1,dealer_liquidity_crisis,Dealer Liquidity Crisis,without_amm,Without AMM,0,avg_cost_clob_q5,Average CLOB Cost Q=5,300,2.1740918138693055,0.31132610324475063,2.174621050335595,0.95,2.14074634463562,2.208056472208423
RQ1,dealer_liquidity_crisis,Dealer Liquidity Crisis,without_amm,Without AMM,0,avg_flow_share_amm_total,Average AMM Flow Share,300,0.0,0.0,0.0,0.95,0.0,0.0
RQ1,dealer_liquidity_crisis,Dealer Liquidity Crisis,without_amm,Without AMM,0,price_recovery_steps,Price Recovery Steps,293,65.21160409556315,71.76409413731614,42.0,0.95,57.2523890784983,73.86049488054607
RQ1,dealer_liquidity_crisis,Dealer Liquidity Crisis,without_amm,Without AMM,0,spread_recovery_steps,Spread Recovery Steps,21,275.1904761904762,156.77360079031772,242.0,0.95,209.1357142857143,339.9535714285714
RQ1,dealer_liquidity_crisis,Dealer Liquidity Crisis,without_amm,Without AMM,0,depth_recovery_steps,Depth Recovery Steps,299,33.1505016722408,9.378010017862607,32.0,0.95,32.130434782608695,34.19740802675585
RQ1,dealer_liquidity_crisis,Dealer Liquidity Crisis,without_amm,Without AMM,0,liquidity_composite_recovery_steps,Liquidity Composite Recovery Steps,21,275.1904761904762,156.77360079031772,242.0,0.95,209.4666666666667,336.57142857142856
RQ1,dealer_liquidity_crisis,Dealer Liquidity Crisis,without_amm,Without AMM,0,liquidity_composite_recovered,Liquidity Composite Recovered,300,0.07,0.2555733275451653,0.0,0.95,0.043333333333333335,0.1
RQ2,dealer_liquidity_crisis,Dealer Liquidity Crisis,without_amm,Without AMM,0,post_shock_avg_clob_spread_bps,Post-shock CLOB Spread,300,4.281204378764408,0.6498262975990563,4.237960733707313,0.95,4.206322751732397,4.355280580297674
RQ2,dealer_liquidity_crisis,Dealer Liquidity Crisis,without_amm,Without AMM,0,post_shock_avg_clob_depth,Post-shock CLOB Depth,300,557.5454850623232,82.67324941988885,562.6451557212794,0.95,547.9738127838755,566.9309389944563
RQ2,dealer_liquidity_crisis,Dealer Liquidity Crisis,without_amm,Without AMM,0,post_shock_avg_systemic_liquidity,Post-shock Systemic Liquidity,300,0.9282537783611648,0.003004744396113619,0.9281951568121094,0.95,0.9279156491571218,0.9286059263255082
RQ2,dealer_liquidity_crisis,Dealer Liquidity Crisis,without_amm,Without AMM,0,post_shock_avg_realized_volatility,Post-shock Realized Volatility,300,0.0012049224696285654,0.0001111737532076571,0.0011989460112608835,0.95,0.0011928662133089123,0.0012174746878594893
RQ2,dealer_liquidity_crisis,Dealer Liquidity Crisis,without_amm,Without AMM,0,post_shock_mm_share_withdrawn,Post-shock MM Withdrawn Share,300,0.03633939393939394,0.04040754634969814,0.03272727272727273,0.95,0.032572121212121205,0.04128719696969695
RQ2,dealer_liquidity_crisis,Dealer Liquidity Crisis,without_amm,Without AMM,0,post_shock_mm_withdrawal_score,Post-shock MM Withdrawal Score,300,0.6761476658822365,0.13502324681950847,0.6398558847622516,0.95,0.662171064226676,0.6922214759394407
RQ2,dealer_liquidity_crisis,Dealer Liquidity Crisis,without_amm,Without AMM,0,avg_mm_share_withdrawn,Average MM Withdrawn Share,300,0.02220740740740741,0.024693500547037756,0.02,0.95,0.019961018518518517,0.025210601851851845
RQ2,dealer_liquidity_crisis,Dealer Liquidity Crisis,without_amm,Without AMM,0,avg_mm_withdrawal_score,Average MM Withdrawal Score,300,0.5932404137200409,0.09295400766324806,0.5724039493468949,0.95,0.5831690443900386,0.6046233050354062
RQ1,funding_liquidity_shock,Funding Liquidity Shock,with_amm,With AMM,1,n_trades,Total Trades,300,9217.123333333333,164.4223946682762,9214.0,0.95,9199.392,9235.976916666667
RQ1,funding_liquidity_shock,Funding Liquidity Shock,with_amm,With AMM,1,avg_clob_spread_bps,Average CLOB Spread,300,3.5530261659581184,0.5258961218683148,3.585847784575856,0.95,3.493396381167109,3.611302163185103
RQ1,funding_liquidity_shock,Funding Liquidity Shock,with_amm,With AMM,1,avg_clob_depth,Average CLOB Depth,300,589.967747623556,80.79345874693134,593.2881982475085,0.95,581.0266534440112,599.0455519794144
RQ1,funding_liquidity_shock,Funding Liquidity Shock,with_amm,With AMM,1,avg_systemic_liquidity,Average Systemic Liquidity,300,0.9490281546678145,0.0011488806958046098,0.9490936778724095,0.95,0.9488982266617579,0.9491624358082579
RQ1,funding_liquidity_shock,Funding Liquidity Shock,with_amm,With AMM,1,avg_realized_volatility,Average Realized Volatility,300,0.0010332658092369878,8.978026959899157e-05,0.001019664054224336,0.95,0.001022800761641996,0.0010437340955800503
RQ1,funding_liquidity_shock,Funding Liquidity Shock,with_amm,With AMM,1,tail_realized_volatility,Tail Realized Volatility,300,0.0009166229263875014,0.0001296463468420744,0.0009120558888541134,0.95,0.0009012219949115582,0.0009316472235428059
RQ1,funding_liquidity_shock,Funding Liquidity Shock,with_amm,With AMM,1,avg_cost_clob_q5,Average CLOB Cost Q=5,300,1.9705683601047812,0.2901856441912368,1.9896951402099703,0.95,1.938789348444181,2.0027854375245724
RQ1,funding_liquidity_shock,Funding Liquidity Shock,with_amm,With AMM,1,avg_flow_share_amm_total,Average AMM Flow Share,300,0.1985816405685571,0.01443053082487637,0.2003680334432508,0.95,0.19696498499437756,0.20021288766440623
RQ1,funding_liquidity_shock,Funding Liquidity Shock,with_amm,With AMM,1,price_recovery_steps,Price Recovery Steps,268,106.52611940298507,102.3289257886027,67.5,0.95,94.48750000000001,119.50830223880597
RQ1,funding_liquidity_shock,Funding Liquidity Shock,with_amm,With AMM,1,spread_recovery_steps,Spread Recovery Steps,12,359.0833333333333,190.024619617054,437.0,0.95,252.49375,458.41875
RQ1,funding_liquidity_shock,Funding Liquidity Shock,with_amm,With AMM,1,depth_recovery_steps,Depth Recovery Steps,300,30.173333333333332,8.953799415264161,30.0,0.95,29.216583333333332,31.196916666666663
RQ1,funding_liquidity_shock,Funding Liquidity Shock,with_amm,With AMM,1,liquidity_composite_recovery_steps,Liquidity Composite Recovery Steps,12,359.0833333333333,190.024619617054,437.0,0.95,249.30416666666673,460.00624999999997
RQ1,funding_liquidity_shock,Funding Liquidity Shock,with_amm,With AMM,1,liquidity_composite_recovered,Liquidity Composite Recovered,300,0.04,0.19628659682628738,0.0,0.95,0.02,0.06333333333333334
RQ2,funding_liquidity_shock,Funding Liquidity Shock,with_amm,With AMM,1,post_shock_avg_clob_spread_bps,Post-shock CLOB Spread,300,3.800887785123551,0.5302343128105048,3.8693541176108717,0.95,3.7381329208153304,3.862227019645713
RQ2,funding_liquidity_shock,Funding Liquidity Shock,with_amm,With AMM,1,post_shock_avg_clob_depth,Post-shock CLOB Depth,300,549.7689432097461,81.70401058915685,549.6825860027184,0.95,540.2603505608489,558.5965789075334
RQ2,funding_liquidity_shock,Funding Liquidity Shock,with_amm,With AMM,1,post_shock_avg_systemic_liquidity,Post-shock Systemic Liquidity,300,0.9375647431203129,0.0018798404754543673,0.9376649551384186,0.95,0.9373452036174721,0.9377860909156419
RQ2,funding_liquidity_shock,Funding Liquidity Shock,with_amm,With AMM,1,post_shock_avg_realized_volatility,Post-shock Realized Volatility,300,0.001031569467534446,0.00010202627766605255,0.0010190321670557152,0.95,0.0010200789632582058,0.0010437327042452506
RQ2,funding_liquidity_shock,Funding Liquidity Shock,with_amm,With AMM,1,post_shock_mm_share_withdrawn,Post-shock MM Withdrawn Share,300,0.040336363636363635,0.02935743340356351,0.04,0.95,0.03798454545454546,0.04440068181818182
RQ2,funding_liquidity_shock,Funding Liquidity Shock,with_amm,With AMM,1,post_shock_mm_withdrawal_score,Post-shock MM Withdrawal Score,300,0.7170475046495808,0.09871144682824463,0.7026980383794479,0.95,0.7066661943069601,0.7278632716574088
RQ2,funding_liquidity_shock,Funding Liquidity Shock,with_amm,With AMM,1,avg_mm_share_withdrawn,Average MM Withdrawn Share,300,0.02465,0.017940653746622147,0.024444444444444446,0.95,0.02321472222222222,0.02688888888888889
RQ2,funding_liquidity_shock,Funding Liquidity Shock,with_amm,With AMM,1,avg_mm_withdrawal_score,Average MM Withdrawal Score,300,0.6385979297998369,0.0690374947062584,0.631837457707467,0.95,0.6310503742899646,0.6472786691874273
RQ1,funding_liquidity_shock,Funding Liquidity Shock,without_amm,Without AMM,0,n_trades,Total Trades,300,9078.313333333334,150.1494968141219,9089.0,0.95,9060.588083333334,9095.771416666666
RQ1,funding_liquidity_shock,Funding Liquidity Shock,without_amm,Without AMM,0,avg_clob_spread_bps,Average CLOB Spread,300,4.039119355377139,0.5812657639377654,4.039966823694201,0.95,3.9766726937273376,4.105613958671277
RQ1,funding_liquidity_shock,Funding Liquidity Shock,without_amm,Without AMM,0,avg_clob_depth,Average CLOB Depth,300,606.1006185684325,75.09470937101312,608.6807315294857,0.95,597.7539363804905,614.2278266793112
RQ1,funding_liquidity_shock,Funding Liquidity Shock,without_amm,Without AMM,0,avg_systemic_liquidity,Average Systemic Liquidity,300,0.9493598978650025,0.0010837225675467362,0.9494349402396152,0.95,0.9492351142287789,0.9494782471052062
RQ1,funding_liquidity_shock,Funding Liquidity Shock,without_amm,Without AMM,0,avg_realized_volatility,Average Realized Volatility,300,0.0011584578022247449,9.538983834792411e-05,0.0011434908680378433,0.95,0.0011477400512935594,0.0011690975307519832
RQ1,funding_liquidity_shock,Funding Liquidity Shock,without_amm,Without AMM,0,tail_realized_volatility,Tail Realized Volatility,300,0.0010166519770975335,0.00011525056987992699,0.0010078304608574342,0.95,0.0010040311863088016,0.0010302162813584886
RQ1,funding_liquidity_shock,Funding Liquidity Shock,without_amm,Without AMM,0,avg_cost_clob_q5,Average CLOB Cost Q=5,300,2.197699550891573,0.3179296152888295,2.1918283206124554,0.95,2.1625843920304524,2.2353987252272085
RQ1,funding_liquidity_shock,Funding Liquidity Shock,without_amm,Without AMM,0,avg_flow_share_amm_total,Average AMM Flow Share,300,0.0,0.0,0.0,0.95,0.0,0.0
RQ1,funding_liquidity_shock,Funding Liquidity Shock,without_amm,Without AMM,0,price_recovery_steps,Price Recovery Steps,275,105.52,110.62847404747565,64.0,0.95,92.69036363636363,118.71372727272724
RQ1,funding_liquidity_shock,Funding Liquidity Shock,without_amm,Without AMM,0,spread_recovery_steps,Spread Recovery Steps,17,304.7647058823529,143.00591308218898,329.0,0.95,230.69852941176472,367.825
RQ1,funding_liquidity_shock,Funding Liquidity Shock,without_amm,Without AMM,0,depth_recovery_steps,Depth Recovery Steps,299,30.632107023411372,6.933415772214064,30.0,0.95,29.835953177257526,31.401505016722407
RQ1,funding_liquidity_shock,Funding Liquidity Shock,without_amm,Without AMM,0,liquidity_composite_recovery_steps,Liquidity Composite Recovery Steps,17,304.7647058823529,143.00591308218898,329.0,0.95,237.175,370.0088235294117
RQ1,funding_liquidity_shock,Funding Liquidity Shock,without_amm,Without AMM,0,liquidity_composite_recovered,Liquidity Composite Recovered,300,0.056666666666666664,0.23159088211286502,0.0,0.95,0.03333333333333333,0.08333333333333333
RQ2,funding_liquidity_shock,Funding Liquidity Shock,without_amm,Without AMM,0,post_shock_avg_clob_spread_bps,Post-shock CLOB Spread,300,4.358944626113672,0.6281039872922396,4.405236811723407,0.95,4.289661437200833,4.435366439093841
RQ2,funding_liquidity_shock,Funding Liquidity Shock,without_amm,Without AMM,0,post_shock_avg_clob_depth,Post-shock CLOB Depth,300,556.4635368313035,79.183046557419,557.5438273259174,0.95,547.4849623126885,565.3129706990871
RQ2,funding_liquidity_shock,Funding Liquidity Shock,without_amm,Without AMM,0,post_shock_avg_systemic_liquidity,Post-shock Systemic Liquidity,300,0.9380905658488903,0.0017615452396016603,0.9381668357646992,0.95,0.937890966416968,0.9382893871509683
RQ2,funding_liquidity_shock,Funding Liquidity Shock,without_amm,Without AMM,0,post_shock_avg_realized_volatility,Post-shock Realized Volatility,300,0.0011755181433761965,0.00011151870878227094,0.0011532391262158155,0.95,0.0011639359528503874,0.0011887954341381374
RQ2,funding_liquidity_shock,Funding Liquidity Shock,without_amm,Without AMM,0,post_shock_mm_share_withdrawn,Post-shock MM Withdrawn Share,300,0.04071818181818181,0.04017732640615116,0.038181818181818185,0.95,0.03706666666666667,0.04561545454545454
RQ2,funding_liquidity_shock,Funding Liquidity Shock,without_amm,Without AMM,0,post_shock_mm_withdrawal_score,Post-shock MM Withdrawal Score,300,0.690697640975252,0.12125707488449497,0.6632669818366903,0.95,0.6772855015282756,0.7043318636462625
RQ2,funding_liquidity_shock,Funding Liquidity Shock,without_amm,Without AMM,0,avg_mm_share_withdrawn,Average MM Withdrawn Share,300,0.024883333333333334,0.02455281058153682,0.023333333333333334,0.95,0.02267402777777778,0.027963055555555557
RQ2,funding_liquidity_shock,Funding Liquidity Shock,without_amm,Without AMM,0,avg_mm_withdrawal_score,Average MM Withdrawal Score,300,0.6021320651657726,0.0845124271690147,0.5860194631872576,0.95,0.5926440298275286,0.6119683799090326
RQ1,high_vol_stress,High-Vol Stress,with_amm,With AMM,1,n_trades,Total Trades,300,9544.816666666668,167.03624380566202,9547.0,0.95,9525.984166666665,9564.333166666667
RQ1,high_vol_stress,High-Vol Stress,with_amm,With AMM,1,avg_clob_spread_bps,Average CLOB Spread,300,6.449930242731744,0.5268219863959495,6.433957556397759,0.95,6.38886213305878,6.509659531076669
RQ1,high_vol_stress,High-Vol Stress,with_amm,With AMM,1,avg_clob_depth,Average CLOB Depth,300,483.576290825414,64.33518792790218,480.1899743207265,0.95,476.4175315852914,491.0791508760456
RQ1,high_vol_stress,High-Vol Stress,with_amm,With AMM,1,avg_systemic_liquidity,Average Systemic Liquidity,300,0.8247091728796205,0.0016403268765054532,0.8247563991816903,0.95,0.8245284727482597,0.8248853873349445
RQ1,high_vol_stress,High-Vol Stress,with_amm,With AMM,1,avg_realized_volatility,Average Realized Volatility,300,0.002668745539479167,0.00033829948248316634,0.002667161255933439,0.95,0.002629520554033169,0.0027062079915714287
RQ1,high_vol_stress,High-Vol Stress,with_amm,With AMM,1,tail_realized_volatility,Tail Realized Volatility,300,0.0010889483399222752,0.0002066815076656313,0.0011189663930799448,0.95,0.0010644928167559838,0.001111353524649071
RQ1,high_vol_stress,High-Vol Stress,with_amm,With AMM,1,avg_cost_clob_q5,Average CLOB Cost Q=5,300,3.6813257733115354,0.3645799992724628,3.63468873057873,0.95,3.6396866619530877,3.7210454870107466
RQ1,high_vol_stress,High-Vol Stress,with_amm,With AMM,1,avg_flow_share_amm_total,Average AMM Flow Share,300,0.22597201960147884,0.029116463429214288,0.23172774620815162,0.95,0.22255540936316545,0.2291258211784568
RQ1,high_vol_stress,High-Vol Stress,with_amm,With AMM,1,price_recovery_steps,Price Recovery Steps,291,218.82474226804123,96.41344272161089,223.0,0.95,208.2156357388316,229.99329896907216
RQ1,high_vol_stress,High-Vol Stress,with_amm,With AMM,1,spread_recovery_steps,Spread Recovery Steps,8,380.0,97.36382431742442,358.0,0.95,320.975,443.134375
RQ1,high_vol_stress,High-Vol Stress,with_amm,With AMM,1,depth_recovery_steps,Depth Recovery Steps,299,216.64214046822744,16.74610132230726,213.0,0.95,214.7623745819398,218.57859531772576
RQ1,high_vol_stress,High-Vol Stress,with_amm,With AMM,1,liquidity_composite_recovery_steps,Liquidity Composite Recovery Steps,8,380.0,97.36382431742442,358.0,0.95,318.375,444.87812499999995
RQ1,high_vol_stress,High-Vol Stress,with_amm,With AMM,1,liquidity_composite_recovered,Liquidity Composite Recovered,300,0.02666666666666667,0.16137646493112862,0.0,0.95,0.01,0.04666666666666667
RQ2,high_vol_stress,High-Vol Stress,with_amm,With AMM,1,post_shock_avg_clob_spread_bps,Post-shock CLOB Spread,300,8.071910458322893,0.6935087549442199,8.061234474647122,0.95,7.996250290789243,8.14831940019056
RQ2,high_vol_stress,High-Vol Stress,with_amm,With AMM,1,post_shock_avg_clob_depth,Post-shock CLOB Depth,300,376.60159283156827,65.26903949227325,365.50183543622643,0.95,368.94506708619343,383.8666663815133
RQ2,high_vol_stress,High-Vol Stress,with_amm,With AMM,1,post_shock_avg_systemic_liquidity,Post-shock Systemic Liquidity,300,0.7545189369526664,0.0024504744351987844,0.7545709700452155,0.95,0.7542370316857232,0.7548024999233465
RQ2,high_vol_stress,High-Vol Stress,with_amm,With AMM,1,post_shock_avg_realized_volatility,Post-shock Realized Volatility,300,0.003380805052267992,0.0004949386857783637,0.0033737588403468773,0.95,0.003326074605912748,0.0034392444535377605
RQ2,high_vol_stress,High-Vol Stress,with_amm,With AMM,1,post_shock_mm_share_withdrawn,Post-shock MM Withdrawn Share,300,0.4704111111111111,0.17598031276780104,0.3591666666666667,0.95,0.4513636111111111,0.48938354166666664
RQ2,high_vol_stress,High-Vol Stress,with_amm,With AMM,1,post_shock_mm_withdrawal_score,Post-shock MM Withdrawal Score,300,1.8181423230258809,0.31184801300531334,1.7881424930918797,0.95,1.7820827627693778,1.8523849857010704
RQ2,high_vol_stress,High-Vol Stress,with_amm,With AMM,1,avg_mm_share_withdrawn,Average MM Withdrawn Share,300,0.313612962962963,0.11732703602993376,0.23944444444444443,0.95,0.30075976851851854,0.3266401851851852
RQ2,high_vol_stress,High-Vol Stress,with_amm,With AMM,1,avg_mm_withdrawal_score,Average MM Withdrawal Score,300,1.3810411297752903,0.21352212284675276,1.3594757904746744,0.95,1.3561470137456837,1.405056780168471
RQ1,high_vol_stress,High-Vol Stress,without_amm,Without AMM,0,n_trades,Total Trades,300,9566.41,164.33983236474424,9579.5,0.95,9548.338333333333,9584.724083333333
RQ1,high_vol_stress,High-Vol Stress,without_amm,Without AMM,0,avg_clob_spread_bps,Average CLOB Spread,300,6.688116505190842,0.4808987274308748,6.741291352109787,0.95,6.633042083896488,6.738976555163253
RQ1,high_vol_stress,High-Vol Stress,without_amm,Without AMM,0,avg_clob_depth,Average CLOB Depth,300,473.25734166077166,61.843089345678926,467.43510628037575,0.95,466.49352219539384,480.4074234839171
RQ1,high_vol_stress,High-Vol Stress,without_amm,Without AMM,0,avg_systemic_liquidity,Average Systemic Liquidity,300,0.8265139302266461,0.0017121649107239474,0.8264899895119586,0.95,0.8263214991031228,0.8267100978624748
RQ1,high_vol_stress,High-Vol Stress,without_amm,Without AMM,0,avg_realized_volatility,Average Realized Volatility,300,0.0033908296659064543,0.00033020519605495957,0.0033865691767805428,0.95,0.0033540779093663925,0.003430491705525157
RQ1,high_vol_stress,High-Vol Stress,without_amm,Without AMM,0,tail_realized_volatility,Tail Realized Volatility,300,0.000999952081326396,0.00011800905194284861,0.000980472470513837,0.95,0.0009869740337831205,0.0010137434136929704
RQ1,high_vol_stress,High-Vol Stress,without_amm,Without AMM,0,avg_cost_clob_q5,Average CLOB Cost Q=5,300,3.717933223531985,0.3234010822677716,3.7068657634343447,0.95,3.6825071199778066,3.753139872377106
RQ1,high_vol_stress,High-Vol Stress,without_amm,Without AMM,0,avg_flow_share_amm_total,Average AMM Flow Share,300,0.0,0.0,0.0,0.95,0.0,0.0
RQ1,high_vol_stress,High-Vol Stress,without_amm,Without AMM,0,price_recovery_steps,Price Recovery Steps,297,196.24242424242425,90.63847375057087,213.0,0.95,185.7468855218855,206.91287878787878
RQ1,high_vol_stress,High-Vol Stress,without_amm,Without AMM,0,spread_recovery_steps,Spread Recovery Steps,9,360.77777777777777,130.9262939384005,312.0,0.95,281.22222222222223,440.46111111111105
RQ1,high_vol_stress,High-Vol Stress,without_amm,Without AMM,0,depth_recovery_steps,Depth Recovery Steps,299,217.51170568561872,18.25754500926774,213.0,0.95,215.62190635451506,219.6727424749164
RQ1,high_vol_stress,High-Vol Stress,without_amm,Without AMM,0,liquidity_composite_recovery_steps,Liquidity Composite Recovery Steps,9,362.0,129.27876855849146,312.0,0.95,287.87222222222226,442.00277777777774
RQ1,high_vol_stress,High-Vol Stress,without_amm,Without AMM,0,liquidity_composite_recovered,Liquidity Composite Recovered,300,0.03,0.17087224588772665,0.0,0.95,0.013333333333333334,0.05
RQ2,high_vol_stress,High-Vol Stress,without_amm,Without AMM,0,post_shock_avg_clob_spread_bps,Post-shock CLOB Spread,300,8.262853764218898,0.5818113549755027,8.250946732159738,0.95,8.200558111643376,8.329395594004328
RQ2,high_vol_stress,High-Vol Stress,without_amm,Without AMM,0,post_shock_avg_clob_depth,Post-shock CLOB Depth,300,363.77318753307037,62.115668755455026,353.6123377193293,0.95,356.43797170469765,370.92816260482584
RQ2,high_vol_stress,High-Vol Stress,without_amm,Without AMM,0,post_shock_avg_systemic_liquidity,Post-shock Systemic Liquidity,300,0.7572272870225594,0.002566394112738232,0.7571586669467877,0.95,0.7569490206450288,0.7575263375298333
RQ2,high_vol_stress,High-Vol Stress,without_amm,Without AMM,0,post_shock_avg_realized_volatility,Post-shock Realized Volatility,300,0.004514273689642626,0.00048742294134392403,0.004500964660297783,0.95,0.004460613333792585,0.004568885054179477
RQ2,high_vol_stress,High-Vol Stress,without_amm,Without AMM,0,post_shock_mm_share_withdrawn,Post-shock MM Withdrawn Share,300,0.5049000000000001,0.17366036916965602,0.43333333333333335,0.95,0.4851851388888889,0.5241309722222223
RQ2,high_vol_stress,High-Vol Stress,without_amm,Without AMM,0,post_shock_mm_withdrawal_score,Post-shock MM Withdrawal Score,300,1.837191836557436,0.2978487311072095,1.7869630013682132,0.95,1.8037914913928752,1.8718848062775175
RQ2,high_vol_stress,High-Vol Stress,without_amm,Without AMM,0,avg_mm_share_withdrawn,Average MM Withdrawn Share,300,0.3366055555555555,0.11577634201872788,0.28888888888888886,0.95,0.32407009259259256,0.3489575
RQ2,high_vol_stress,High-Vol Stress,without_amm,Without AMM,0,avg_mm_withdrawal_score,Average MM Withdrawal Score,300,1.3768700495472255,0.20107010554267213,1.340286306471257,0.95,1.3538765932131427,1.398743247019918
